Tanggal_Penerbangan,Hari,Maskapai,Nomor_Penerbangan,Bandara_Asal,Kode_IATA_Asal,Bandara_Tujuan,Kode_IATA_Tujuan,Jadwal_Keberangkatan,Jadwal_Kedatangan,Jam_Keberangkatan,Jam_Kedatangan,Kota_tujuan,Cuaca_tujuan,Deskripsi_tujuan,Suhu_Celcius_tujuan,Kelembaban_%_tujuan,Tekanan_hPa_tujuan,Kecepatan_Angin_m/s_tujuan,Tanggal_tujuan,Delay
2025-07-28,Senin,Batik Air,ID6288,Soekarno-Hatta International,CGK,Hasanudin,UPG,2025-07-28 00:10:00,2025-07-28 03:30:00,0,3,Makassar,Drizzle,gerimis,27.5,66,1012,3.2,2025-07-28,2
2025-07-28,Senin,Sriwijaya Air,SJ592,Soekarno-Hatta International,CGK,Hasanudin,UPG,2025-07-28 00:30:00,2025-07-28 03:55:00,0,3,Makassar,Thunderstorm,badai petir,24.7,64,1006,2.7,2025-07-28,6
2025-07-28,Senin,Citilink,QG346,Soekarno-Hatta International,CGK,Hasanudin,UPG,2025-07-28 01:10:00,2025-07-28 04:30:00,1,4,Makassar,Thunderstorm,badai petir,24.7,64,1006,2.7,2025-07-28,6
2025-07-28,Senin,Lion Air,JT898,Soekarno-Hatta International,CGK,Hasanudin,UPG,2025-07-28 01:30:00,2025-07-28 04:50:00,1,4,Makassar,Thunderstorm,badai petir,24.7,64,1006,2.7,2025-07-28,40
2025-07-28,Senin,Lion Air,JT986,Soekarno-Hatta International,CGK,Hasanudin,UPG,2025-07-28 01:30:00,2025-07-28 04:50:00,1,4,Makassar,Thunderstorm,badai petir,24.7,64,1006,2.7,2025-07-28,51
2025-07-28,Senin,Lion Air,JT3896,Soekarno-Hatta International,CGK,Hasanudin,UPG,2025-07-28 01:30:00,2025-07-28 04:50:00,1,4,Makassar,Thunderstorm,badai petir,24.7,64,1006,2.7,2025-07-28,3
2025-07-28,Senin,Lion Air,JT868,Soekarno-Hatta International,CGK,Juanda,SUB,2025-07-28 03:30:00,2025-07-28 04:55:00,3,4,Surabaya,Clouds,berawan,24.1,87,1013,3.0,2025-07-28,0
2025-07-28,Senin,Lion Air,JT690,Soekarno-Hatta International,CGK,Juanda,SUB,2025-07-28 03:30:00,2025-07-28 04:55:00,3,4,Surabaya,Clouds,berawan,24.1,87,1013,3.0,2025-07-28,8
2025-07-28,Senin,Lion Air,JT748,Soekarno-Hatta International,CGK,Juanda,SUB,2025-07-28 03:30:00,2025-07-28 04:55:00,3,4,Surabaya,Clouds,berawan,24.1,87,1013,3.0,2025-07-28,4
2025-07-28,Senin,China Airlines,CI8612,Soekarno-Hatta International,CGK,Hasanudin,UPG,2025-07-28 01:35:00,2025-07-28 05:10:00,1,5,Makassar,Thunderstorm,badai petir,24.7,64,1006,2.7,2025-07-28,3
2025-07-28,Senin,Saudia,SV6193,Soekarno-Hatta International,CGK,Hasanudin,UPG,2025-07-28 01:35:00,2025-07-28 05:10:00,1,5,Makassar,Thunderstorm,badai petir,24.7,64,1006,2.7,2025-07-28,3
2025-07-28,Senin,Japan Airlines,JL8487,Soekarno-Hatta International,CGK,Hasanudin,UPG,2025-07-28 01:35:00,2025-07-28 05:10:00,1,5,Makassar,Thunderstorm,badai petir,24.7,64,1006,2.7,2025-07-28,7
2025-07-28,Senin,Malaysia Airlines,MH4042,Soekarno-Hatta International,CGK,Hasanudin,UPG,2025-07-28 01:35:00,2025-07-28 05:10:00,1,5,Makassar,Thunderstorm,badai petir,24.7,64,1006,2.7,2025-07-28,5
2025-07-28,Senin,Emirates,EK7302,Soekarno-Hatta International,CGK,Hasanudin,UPG,2025-07-28 01:35:00,2025-07-28 05:10:00,1,5,Makassar,Thunderstorm,badai petir,24.7,64,1006,2.7,2025-07-28,3
2025-07-28,Senin,Garuda Indonesia,GA604,Soekarno-Hatta International,CGK,Hasanudin,UPG,2025-07-28 01:35:00,2025-07-28 05:10:00,1,5,Makassar,Thunderstorm,badai petir,24.7,64,1006,2.7,2025-07-28,3
2025-07-28,Senin,Etihad Airways,EY7138,Soekarno-Hatta International,CGK,Hasanudin,UPG,2025-07-28 01:35:00,2025-07-28 05:10:00,1,5,Makassar,Thunderstorm,badai petir,24.7,64,1006,2.7,2025-07-28,8
2025-07-28,Senin,Citilink,QG344,Soekarno-Hatta International,CGK,Hasanudin,UPG,2025-07-28 01:50:00,2025-07-28 05:15:00,1,5,Makassar,Thunderstorm,badai petir,24.7,64,1006,2.7,2025-07-28,2
2025-07-28,Senin,Batik Air,ID6751,Soekarno-Hatta International,CGK,Hasanudin,UPG,2025-07-28 02:20:00,2025-07-28 05:45:00,2,5,Makassar,Mist,berkabut,30.0,66,1005,1.3,2025-07-28,5
2025-07-28,Senin,Batik Air,ID6370,Soekarno-Hatta International,CGK,Juanda,SUB,2025-07-28 04:40:00,2025-07-28 06:05:00,4,6,Surabaya,Thunderstorm,badai petir,29.1,74,1010,4.5,2025-07-28,4
2025-07-28,Senin,Super Air Jet,IU814,Soekarno-Hatta International,CGK,Minangkabau International Airport,PDG,2025-07-28 05:30:00,2025-07-28 07:15:00,5,7,Padang,Mist,berkabut,32.7,78,1008,2.1,2025-07-28,6
2025-07-28,Senin,Lion Air,JT2792,Soekarno-Hatta International,CGK,Hasanudin,UPG,2025-07-28 04:00:00,2025-07-28 07:20:00,4,7,Makassar,Rain,hujan ringan,32.0,84,1007,2.1,2025-07-28,13
2025-07-28,Senin,Lion Air,JT792,Soekarno-Hatta International,CGK,Hasanudin,UPG,2025-07-28 04:00:00,2025-07-28 07:20:00,4,7,Makassar,Rain,hujan ringan,32.0,84,1007,2.1,2025-07-28,9
2025-07-28,Senin,Lion Air,JT1852,Soekarno-Hatta International,CGK,Hasanudin,UPG,2025-07-28 04:00:00,2025-07-28 07:20:00,4,7,Makassar,Rain,hujan ringan,32.0,84,1007,2.1,2025-07-28,71
2025-07-28,Senin,Super Air Jet,IU730,Soekarno-Hatta International,CGK,Ngurah Rai International,DPS,2025-07-28 04:30:00,2025-07-28 07:20:00,4,7,Denpasar,Clear,cerah,33.7,62,1009,4.7,2025-07-28,6
2025-07-28,Senin,Citilink,QG712,Soekarno-Hatta International,CGK,Juanda,SUB,2025-07-28 05:55:00,2025-07-28 07:35:00,5,7,Surabaya,Clear,cerah,25.8,83,1006,3.5,2025-07-28,5
2025-07-28,Senin,Batik Air,ID6572,Soekarno-Hatta International,CGK,Juanda,SUB,2025-07-28 06:15:00,2025-07-28 07:40:00,6,7,Surabaya,Clear,cerah,25.8,83,1006,3.5,2025-07-28,4
2025-07-28,Senin,Emirates,EK3564,Soekarno-Hatta International,CGK,Juanda,SUB,2025-07-28 06:15:00,2025-07-28 07:40:00,6,7,Surabaya,Clear,cerah,25.8,83,1006,3.5,2025-07-28,4
2025-07-28,Senin,Citilink,QG680,Soekarno-Hatta International,CGK,Ngurah Rai International,DPS,2025-07-28 05:05:00,2025-07-28 08:00:00,5,8,Denpasar,Clear,cerah,33.7,62,1009,4.7,2025-07-28,8
2025-07-28,Senin,Super Air Jet,IU908,Soekarno-Hatta International,CGK,Minangkabau International Airport,PDG,2025-07-28 06:30:00,2025-07-28 08:15:00,6,8,Padang,Mist,berkabut,32.7,78,1008,2.1,2025-07-28,6
2025-07-28,Senin,Etihad Airways,EY8177,Soekarno-Hatta International,CGK,Juanda,SUB,2025-07-28 06:50:00,2025-07-28 08:25:00,6,8,Surabaya,Clear,cerah,24.7,79,1012,2.2,2025-07-28,4
2025-07-28,Senin,Saudia,SV6150,Soekarno-Hatta International,CGK,Juanda,SUB,2025-07-28 06:50:00,2025-07-28 08:25:00,6,8,Surabaya,Clear,cerah,24.7,79,1012,2.2,2025-07-28,69
2025-07-28,Senin,Emirates,EK7298,Soekarno-Hatta International,CGK,Juanda,SUB,2025-07-28 06:50:00,2025-07-28 08:25:00,6,8,Surabaya,Clear,cerah,24.7,79,1012,2.2,2025-07-28,73
2025-07-28,Senin,Philippine Airlines,PR3288,Soekarno-Hatta International,CGK,Juanda,SUB,2025-07-28 06:50:00,2025-07-28 08:25:00,6,8,Surabaya,Clear,cerah,24.7,79,1012,2.2,2025-07-28,2
2025-07-28,Senin,China Airlines,CI9668,Soekarno-Hatta International,CGK,Juanda,SUB,2025-07-28 06:50:00,2025-07-28 08:25:00,6,8,Surabaya,Clear,cerah,24.7,79,1012,2.2,2025-07-28,55
2025-07-28,Senin,Garuda Indonesia,GA304,Soekarno-Hatta International,CGK,Juanda,SUB,2025-07-28 06:50:00,2025-07-28 08:25:00,6,8,Surabaya,Clear,cerah,24.7,79,1012,2.2,2025-07-28,4
2025-07-28,Senin,Vietnam Airlines,VN3884,Soekarno-Hatta International,CGK,Juanda,SUB,2025-07-28 06:50:00,2025-07-28 08:25:00,6,8,Surabaya,Clear,cerah,24.7,79,1012,2.2,2025-07-28,4
2025-07-28,Senin,Pelita Air,IP200,Soekarno-Hatta International,CGK,Juanda,SUB,2025-07-28 06:55:00,2025-07-28 08:30:00,6,8,Surabaya,Clear,cerah,24.7,79,1012,2.2,2025-07-28,59
2025-07-28,Senin,Citilink,QG212,Soekarno-Hatta International,CGK,Hasanudin,UPG,2025-07-28 05:10:00,2025-07-28 08:35:00,5,8,Makassar,Clear,cerah,25.2,78,1010,3.1,2025-07-28,8
2025-07-28,Senin,Citilink,QG952,Soekarno-Hatta International,CGK,Minangkabau International Airport,PDG,2025-07-28 07:00:00,2025-07-28 08:55:00,7,8,Padang,Mist,berkabut,28.7,86,1006,1.9,2025-07-28,82
2025-07-28,Senin,AirAsia,AK802,Soekarno-Hatta International,CGK,Ngurah Rai International,DPS,2025-07-28 06:20:00,2025-07-28 09:10:00,6,9,Denpasar,Mist,berkabut,31.2,86,1008,3.7,2025-07-28,6
2025-07-28,Senin,Batik Air,ID6554,Soekarno-Hatta International,CGK,Hasanudin,UPG,2025-07-28 06:00:00,2025-07-28 09:20:00,6,9,Makassar,Clear,cerah,25.2,78,1010,3.1,2025-07-28,4
2025-07-28,Senin,Batik Air,ID6236,Soekarno-Hatta International,CGK,Hasanudin,UPG,2025-07-28 06:00:00,2025-07-28 09:20:00,6,9,Makassar,Clear,cerah,25.2,78,1010,3.1,2025-07-28,5
2025-07-28,Senin,Super Air Jet,IU756,Soekarno-Hatta International,CGK,Ngurah Rai International,DPS,2025-07-28 06:30:00,2025-07-28 09:20:00,6,9,Denpasar,Mist,berkabut,31.2,86,1008,3.7,2025-07-28,1
2025-07-28,Senin,Super Air Jet,IU812,Soekarno-Hatta International,CGK,Minangkabau International Airport,PDG,2025-07-28 07:40:00,2025-07-28 09:25:00,7,9,Padang,Mist,berkabut,28.7,86,1006,1.9,2025-07-28,8
2025-07-28,Senin,TransNusa,8B5104,Soekarno-Hatta International,CGK,Ngurah Rai International,DPS,2025-07-28 06:45:00,2025-07-28 09:30:00,6,9,Denpasar,Mist,berkabut,31.2,86,1008,3.7,2025-07-28,82
2025-07-28,Senin,Batik Air,ID6584,Soekarno-Hatta International,CGK,Juanda,SUB,2025-07-28 08:10:00,2025-07-28 09:35:00,8,9,Surabaya,Clear,cerah,24.7,79,1012,2.2,2025-07-28,3
2025-07-28,Senin,Citilink,QG722,Soekarno-Hatta International,CGK,Juanda,SUB,2025-07-28 08:10:00,2025-07-28 09:50:00,8,9,Surabaya,Thunderstorm,badai petir,24.0,75,1014,1.8,2025-07-28,3
2025-07-28,Senin,Pelita Air,IP210,Soekarno-Hatta International,CGK,Juanda,SUB,2025-07-28 08:25:00,2025-07-28 09:55:00,8,9,Surabaya,Thunderstorm,badai petir,24.0,75,1014,1.8,2025-07-28,52
2025-07-28,Senin,Turkish Airlines,TK9364,Soekarno-Hatta International,CGK,Ngurah Rai International,DPS,2025-07-28 07:05:00,2025-07-28 10:10:00,7,10,Denpasar,Clear,cerah,27.5,74,1006,3.1,2025-07-28,6
2025-07-28,Senin,Philippine Airlines,PR3284,Soekarno-Hatta International,CGK,Ngurah Rai International,DPS,2025-07-28 07:05:00,2025-07-28 10:10:00,7,10,Denpasar,Clear,cerah,27.5,74,1006,3.1,2025-07-28,6
2025-07-28,Senin,Vietnam Airlines,VN3792,Soekarno-Hatta International,CGK,Ngurah Rai International,DPS,2025-07-28 07:05:00,2025-07-28 10:10:00,7,10,Denpasar,Clear,cerah,27.5,74,1006,3.1,2025-07-28,49
2025-07-28,Senin,Etihad Airways,EY7105,Soekarno-Hatta International,CGK,Ngurah Rai International,DPS,2025-07-28 07:05:00,2025-07-28 10:10:00,7,10,Denpasar,Clear,cerah,27.5,74,1006,3.1,2025-07-28,4
2025-07-28,Senin,Emirates,EK7253,Soekarno-Hatta International,CGK,Ngurah Rai International,DPS,2025-07-28 07:05:00,2025-07-28 10:10:00,7,10,Denpasar,Clear,cerah,27.5,74,1006,3.1,2025-07-28,6
2025-07-28,Senin,Garuda Indonesia,GA402,Soekarno-Hatta International,CGK,Ngurah Rai International,DPS,2025-07-28 07:05:00,2025-07-28 10:10:00,7,10,Denpasar,Clear,cerah,27.5,74,1006,3.1,2025-07-28,6
2025-07-28,Senin,Japan Airlines,JL6915,Soekarno-Hatta International,CGK,Ngurah Rai International,DPS,2025-07-28 07:05:00,2025-07-28 10:10:00,7,10,Denpasar,Clear,cerah,27.5,74,1006,3.1,2025-07-28,1
2025-07-28,Senin,Super Air Jet,IU250,Soekarno-Hatta International,CGK,Hasanudin,UPG,2025-07-28 07:00:00,2025-07-28 10:20:00,7,10,Makassar,Clouds,berawan,24.6,78,1010,2.0,2025-07-28,4
2025-07-28,Senin,China Airlines,CI9782,Soekarno-Hatta International,CGK,Juanda,SUB,2025-07-28 08:45:00,2025-07-28 10:25:00,8,10,Surabaya,Thunderstorm,badai petir,24.0,75,1014,1.8,2025-07-28,5
2025-07-28,Senin,Philippine Airlines,PR3278,Soekarno-Hatta International,CGK,Juanda,SUB,2025-07-28 08:45:00,2025-07-28 10:25:00,8,10,Surabaya,Thunderstorm,badai petir,24.0,75,1014,1.8,2025-07-28,6
2025-07-28,Senin,Vietnam Airlines,VN3876,Soekarno-Hatta International,CGK,Juanda,SUB,2025-07-28 08:45:00,2025-07-28 10:25:00,8,10,Surabaya,Thunderstorm,badai petir,24.0,75,1014,1.8,2025-07-28,60
2025-07-28,Senin,KLM,KL4054,Soekarno-Hatta International,CGK,Juanda,SUB,2025-07-28 08:45:00,2025-07-28 10:25:00,8,10,Surabaya,Thunderstorm,badai petir,24.0,75,1014,1.8,2025-07-28,0
2025-07-28,Senin,Lion Air,JT241,Soekarno-Hatta International,CGK,Juanda,SUB,2025-07-28 09:00:00,2025-07-28 10:25:00,9,10,Surabaya,Thunderstorm,badai petir,24.0,75,1014,1.8,2025-07-28,5
2025-07-28,Senin,Malaysia Airlines,MH4018,Soekarno-Hatta International,CGK,Juanda,SUB,2025-07-28 08:45:00,2025-07-28 10:25:00,8,10,Surabaya,Thunderstorm,badai petir,24.0,75,1014,1.8,2025-07-28,4
2025-07-28,Senin,Lion Air,JT694,Soekarno-Hatta International,CGK,Juanda,SUB,2025-07-28 09:00:00,2025-07-28 10:25:00,9,10,Surabaya,Thunderstorm,badai petir,24.0,75,1014,1.8,2025-07-28,6
2025-07-28,Senin,Garuda Indonesia,GA322,Soekarno-Hatta International,CGK,Juanda,SUB,2025-07-28 08:45:00,2025-07-28 10:25:00,8,10,Surabaya,Thunderstorm,badai petir,24.0,75,1014,1.8,2025-07-28,4
2025-07-28,Senin,Super Air Jet,IU740,Soekarno-Hatta International,CGK,Ngurah Rai International,DPS,2025-07-28 07:40:00,2025-07-28 10:30:00,7,10,Denpasar,Clear,cerah,27.5,74,1006,3.1,2025-07-28,6
2025-07-28,Senin,China Airlines,CI8616,Soekarno-Hatta International,CGK,Hasanudin,UPG,2025-07-28 06:55:00,2025-07-28 10:30:00,6,10,Makassar,Clouds,berawan,24.6,78,1010,2.0,2025-07-28,5
2025-07-28,Senin,Etihad Airways,EY8091,Soekarno-Hatta International,CGK,Hasanudin,UPG,2025-07-28 06:55:00,2025-07-28 10:30:00,6,10,Makassar,Clouds,berawan,24.6,78,1010,2.0,2025-07-28,3
2025-07-28,Senin,Garuda Indonesia,GA610,Soekarno-Hatta International,CGK,Hasanudin,UPG,2025-07-28 06:55:00,2025-07-28 10:30:00,6,10,Makassar,Clouds,berawan,24.6,78,1010,2.0,2025-07-28,72
2025-07-28,Senin,Citilink,QG682,Soekarno-Hatta International,CGK,Ngurah Rai International,DPS,2025-07-28 08:00:00,2025-07-28 10:55:00,8,10,Denpasar,Clear,cerah,27.5,74,1006,3.1,2025-07-28,7
2025-07-28,Senin,Emirates,EK7258,Soekarno-Hatta International,CGK,Minangkabau International Airport,PDG,2025-07-28 09:25:00,2025-07-28 11:15:00,9,11,Padang,Thunderstorm,badai petir,27.4,79,1005,4.0,2025-07-28,12
2025-07-28,Senin,Etihad Airways,EY7108,Soekarno-Hatta International,CGK,Minangkabau International Airport,PDG,2025-07-28 09:25:00,2025-07-28 11:15:00,9,11,Padang,Thunderstorm,badai petir,27.4,79,1005,4.0,2025-07-28,86
2025-07-28,Senin,Japan Airlines,JL8475,Soekarno-Hatta International,CGK,Minangkabau International Airport,PDG,2025-07-28 09:25:00,2025-07-28 11:15:00,9,11,Padang,Thunderstorm,badai petir,27.4,79,1005,4.0,2025-07-28,8
2025-07-28,Senin,Garuda Indonesia,GA148,Soekarno-Hatta International,CGK,Minangkabau International Airport,PDG,2025-07-28 09:25:00,2025-07-28 11:15:00,9,11,Padang,Thunderstorm,badai petir,27.4,79,1005,4.0,2025-07-28,7
2025-07-28,Senin,Lion Air,JT854,Soekarno-Hatta International,CGK,Hasanudin,UPG,2025-07-28 08:00:00,2025-07-28 11:20:00,8,11,Makassar,Drizzle,gerimis,33.8,64,1005,1.0,2025-07-28,1
2025-07-28,Senin,Super Air Jet,IU902,Soekarno-Hatta International,CGK,Minangkabau International Airport,PDG,2025-07-28 09:35:00,2025-07-28 11:20:00,9,11,Padang,Rain,hujan ringan,31.5,84,1012,1.6,2025-07-28,7
2025-07-28,Senin,Lion Air,JT2778,Soekarno-Hatta International,CGK,Hasanudin,UPG,2025-07-28 08:00:00,2025-07-28 11:20:00,8,11,Makassar,Drizzle,gerimis,33.8,64,1005,1.0,2025-07-28,5
2025-07-28,Senin,Lion Air,JT892,Soekarno-Hatta International,CGK,Hasanudin,UPG,2025-07-28 08:00:00,2025-07-28 11:20:00,8,11,Makassar,Drizzle,gerimis,33.8,64,1005,1.0,2025-07-28,4
2025-07-28,Senin,Lion Air,JT992,Soekarno-Hatta International,CGK,Hasanudin,UPG,2025-07-28 08:00:00,2025-07-28 11:20:00,8,11,Makassar,Drizzle,gerimis,33.8,64,1005,1.0,2025-07-28,7
2025-07-28,Senin,Lion Air,JT1994,Soekarno-Hatta International,CGK,Hasanudin,UPG,2025-07-28 08:00:00,2025-07-28 11:20:00,8,11,Makassar,Drizzle,gerimis,33.8,64,1005,1.0,2025-07-28,36
2025-07-28,Senin,Batik Air,ID6582,Soekarno-Hatta International,CGK,Juanda,SUB,2025-07-28 10:15:00,2025-07-28 11:40:00,10,11,Surabaya,Clear,cerah,29.6,89,1015,4.7,2025-07-28,6
2025-07-28,Senin,Pelita Air,IP102,Soekarno-Hatta International,CGK,Ngurah Rai International,DPS,2025-07-28 09:10:00,2025-07-28 12:00:00,9,12,Denpasar,Thunderstorm,badai petir,32.0,62,1008,2.2,2025-07-28,38
2025-07-28,Senin,Pelita Air,IP204,Soekarno-Hatta International,CGK,Juanda,SUB,2025-07-28 10:40:00,2025-07-28 12:15:00,10,12,Surabaya,Clear,cerah,29.6,89,1015,4.7,2025-07-28,9
2025-07-28,Senin,Batik Air,ID6762,Soekarno-Hatta International,CGK,Hasanudin,UPG,2025-07-28 09:10:00,2025-07-28 12:30:00,9,12,Makassar,Drizzle,gerimis,33.8,64,1005,1.0,2025-07-28,64
2025-07-28,Senin,Batik Air,ID6292,Soekarno-Hatta International,CGK,Hasanudin,UPG,2025-07-28 09:10:00,2025-07-28 12:30:00,9,12,Makassar,Drizzle,gerimis,33.8,64,1005,1.0,2025-07-28,6
2025-07-28,Senin,Super Air Jet,IU752,Soekarno-Hatta International,CGK,Ngurah Rai International,DPS,2025-07-28 09:40:00,2025-07-28 12:30:00,9,12,Denpasar,Thunderstorm,badai petir,32.0,62,1008,2.2,2025-07-28,6
2025-07-28,Senin,Vietnam Airlines,VN3794,Soekarno-Hatta International,CGK,Ngurah Rai International,DPS,2025-07-28 09:40:00,2025-07-28 12:35:00,9,12,Denpasar,Thunderstorm,badai petir,32.0,62,1008,2.2,2025-07-28,3
2025-07-28,Senin,Garuda Indonesia,GA404,Soekarno-Hatta International,CGK,Ngurah Rai International,DPS,2025-07-28 09:40:00,2025-07-28 12:35:00,9,12,Denpasar,Thunderstorm,badai petir,32.0,62,1008,2.2,2025-07-28,11
2025-07-28,Senin,Saudia,SV6170,Soekarno-Hatta International,CGK,Ngurah Rai International,DPS,2025-07-28 09:40:00,2025-07-28 12:35:00,9,12,Denpasar,Thunderstorm,badai petir,32.0,62,1008,2.2,2025-07-28,6
2025-07-28,Senin,Batik Air,ID6596,Soekarno-Hatta International,CGK,Juanda,SUB,2025-07-28 11:10:00,2025-07-28 12:35:00,11,12,Surabaya,Clear,cerah,29.6,89,1015,4.7,2025-07-28,2
2025-07-28,Senin,Turkish Airlines,TK9366,Soekarno-Hatta International,CGK,Ngurah Rai International,DPS,2025-07-28 09:40:00,2025-07-28 12:35:00,9,12,Denpasar,Thunderstorm,badai petir,32.0,62,1008,2.2,2025-07-28,7
2025-07-28,Senin,KLM,KL3971,Soekarno-Hatta International,CGK,Ngurah Rai International,DPS,2025-07-28 09:40:00,2025-07-28 12:35:00,9,12,Denpasar,Thunderstorm,badai petir,32.0,62,1008,2.2,2025-07-28,66
2025-07-28,Senin,Etihad Airways,EY7110,Soekarno-Hatta International,CGK,Ngurah Rai International,DPS,2025-07-28 09:40:00,2025-07-28 12:35:00,9,12,Denpasar,Thunderstorm,badai petir,32.0,62,1008,2.2,2025-07-28,8
2025-07-28,Senin,Air Europa,UX3552,Soekarno-Hatta International,CGK,Ngurah Rai International,DPS,2025-07-28 09:40:00,2025-07-28 12:35:00,9,12,Denpasar,Thunderstorm,badai petir,32.0,62,1008,2.2,2025-07-28,1
2025-07-28,Senin,Emirates,EK7255,Soekarno-Hatta International,CGK,Ngurah Rai International,DPS,2025-07-28 09:40:00,2025-07-28 12:35:00,9,12,Denpasar,Thunderstorm,badai petir,32.0,62,1008,2.2,2025-07-28,3
2025-07-28,Senin,Super Air Jet,IU810,Soekarno-Hatta International,CGK,Minangkabau International Airport,PDG,2025-07-28 11:30:00,2025-07-28 13:15:00,11,13,Padang,Clouds,berawan,25.5,90,1014,4.3,2025-07-28,64
2025-07-28,Senin,TransNusa,8B5106,Soekarno-Hatta International,CGK,Ngurah Rai International,DPS,2025-07-28 10:30:00,2025-07-28 13:20:00,10,13,Denpasar,Clear,cerah,29.0,88,1014,2.3,2025-07-28,72
2025-07-28,Senin,Citilink,QG962,Soekarno-Hatta International,CGK,Minangkabau International Airport,PDG,2025-07-28 11:35:00,2025-07-28 13:20:00,11,13,Padang,Clouds,berawan,25.5,90,1014,4.3,2025-07-28,1
2025-07-28,Senin,Lion Air,JT774,Soekarno-Hatta International,CGK,Hasanudin,UPG,2025-07-28 10:00:00,2025-07-28 13:20:00,10,13,Makassar,Clear,cerah,31.6,79,1011,2.2,2025-07-28,59
2025-07-28,Senin,Lion Air,JT1740,Soekarno-Hatta International,CGK,Hasanudin,UPG,2025-07-28 10:00:00,2025-07-28 13:20:00,10,13,Makassar,Clear,cerah,31.6,79,1011,2.2,2025-07-28,2
2025-07-28,Senin,Lion Air,JT1774,Soekarno-Hatta International,CGK,Hasanudin,UPG,2025-07-28 10:00:00,2025-07-28 13:20:00,10,13,Makassar,Clear,cerah,31.6,79,1011,2.2,2025-07-28,67
2025-07-28,Senin,Citilink,QG716,Soekarno-Hatta International,CGK,Juanda,SUB,2025-07-28 11:45:00,2025-07-28 13:25:00,11,13,Surabaya,Drizzle,gerimis,33.7,82,1014,1.7,2025-07-28,67
2025-07-28,Senin,Citilink,QG686,Soekarno-Hatta International,CGK,Ngurah Rai International,DPS,2025-07-28 10:30:00,2025-07-28 13:25:00,10,13,Denpasar,Clear,cerah,29.0,88,1014,2.3,2025-07-28,59
2025-07-28,Senin,Batik Air,ID8050,Soekarno-Hatta International,CGK,Ngurah Rai International,DPS,2025-07-28 10:40:00,2025-07-28 13:30:00,10,13,Denpasar,Clear,cerah,29.0,88,1014,2.3,2025-07-28,8
2025-07-28,Senin,Super Air Jet,IU734,Soekarno-Hatta International,CGK,Ngurah Rai International,DPS,2025-07-28 10:40:00,2025-07-28 13:30:00,10,13,Denpasar,Clear,cerah,29.0,88,1014,2.3,2025-07-28,4
2025-07-28,Senin,Pelita Air,IP354,Soekarno-Hatta International,CGK,Minangkabau International Airport,PDG,2025-07-28 12:00:00,2025-07-28 13:45:00,12,13,Padang,Clouds,berawan,25.5,90,1014,4.3,2025-07-28,7
2025-07-28,Senin,Saudia,SV6149,Soekarno-Hatta International,CGK,Juanda,SUB,2025-07-28 12:15:00,2025-07-28 13:55:00,12,13,Surabaya,Drizzle,gerimis,33.7,82,1014,1.7,2025-07-28,5
2025-07-28,Senin,Malaysia Airlines,MH4031,Soekarno-Hatta International,CGK,Juanda,SUB,2025-07-28 12:15:00,2025-07-28 13:55:00,12,13,Surabaya,Drizzle,gerimis,33.7,82,1014,1.7,2025-07-28,6
2025-07-28,Senin,KLM,KL4060,Soekarno-Hatta International,CGK,Juanda,SUB,2025-07-28 12:15:00,2025-07-28 13:55:00,12,13,Surabaya,Drizzle,gerimis,33.7,82,1014,1.7,2025-07-28,22
2025-07-28,Senin,Vietnam Airlines,VN3872,Soekarno-Hatta International,CGK,Juanda,SUB,2025-07-28 12:15:00,2025-07-28 13:55:00,12,13,Surabaya,Drizzle,gerimis,33.7,82,1014,1.7,2025-07-28,6
2025-07-28,Senin,Emirates,EK7312,Soekarno-Hatta International,CGK,Juanda,SUB,2025-07-28 12:15:00,2025-07-28 13:55:00,12,13,Surabaya,Drizzle,gerimis,33.7,82,1014,1.7,2025-07-28,7
2025-07-28,Senin,Garuda Indonesia,GA312,Soekarno-Hatta International,CGK,Juanda,SUB,2025-07-28 12:15:00,2025-07-28 13:55:00,12,13,Surabaya,Drizzle,gerimis,33.7,82,1014,1.7,2025-07-28,74
2025-07-28,Senin,Etihad Airways,EY8130,Soekarno-Hatta International,CGK,Juanda,SUB,2025-07-28 12:15:00,2025-07-28 13:55:00,12,13,Surabaya,Drizzle,gerimis,33.7,82,1014,1.7,2025-07-28,51
2025-07-28,Senin,China Airlines,CI8604,Soekarno-Hatta International,CGK,Juanda,SUB,2025-07-28 12:15:00,2025-07-28 13:55:00,12,13,Surabaya,Drizzle,gerimis,33.7,82,1014,1.7,2025-07-28,82
2025-07-28,Senin,Pelita Air,IP208,Soekarno-Hatta International,CGK,Juanda,SUB,2025-07-28 12:35:00,2025-07-28 14:10:00,12,14,Surabaya,Drizzle,gerimis,33.7,82,1014,1.7,2025-07-28,5
2025-07-28,Senin,Lion Air,JT22,Soekarno-Hatta International,CGK,Ngurah Rai International,DPS,2025-07-28 11:20:00,2025-07-28 14:10:00,11,14,Denpasar,Clear,cerah,29.0,88,1014,2.3,2025-07-28,55
2025-07-28,Senin,Batik Air,ID6406,Soekarno-Hatta International,CGK,Juanda,SUB,2025-07-28 13:05:00,2025-07-28 14:30:00,13,14,Surabaya,Thunderstorm,badai petir,29.1,70,1008,4.8,2025-07-28,7
2025-07-28,Senin,Super Air Jet,IU758,Soekarno-Hatta International,CGK,Ngurah Rai International,DPS,2025-07-28 11:40:00,2025-07-28 14:30:00,11,14,Denpasar,Thunderstorm,badai petir,25.6,77,1014,4.1,2025-07-28,4
2025-07-28,Senin,Batik Air,ID6863,Soekarno-Hatta International,CGK,Juanda,SUB,2025-07-28 13:05:00,2025-07-28 14:30:00,13,14,Surabaya,Thunderstorm,badai petir,29.1,70,1008,4.8,2025-07-28,5
2025-07-28,Senin,TransNusa,8B5102,Soekarno-Hatta International,CGK,Ngurah Rai International,DPS,2025-07-28 11:45:00,2025-07-28 14:35:00,11,14,Denpasar,Thunderstorm,badai petir,25.6,77,1014,4.1,2025-07-28,7
2025-07-28,Senin,Saudia,SV6172,Soekarno-Hatta International,CGK,Ngurah Rai International,DPS,2025-07-28 11:40:00,2025-07-28 14:40:00,11,14,Denpasar,Thunderstorm,badai petir,25.6,77,1014,4.1,2025-07-28,0
2025-07-28,Senin,Vietnam Airlines,VN3990,Soekarno-Hatta International,CGK,Ngurah Rai International,DPS,2025-07-28 11:40:00,2025-07-28 14:40:00,11,14,Denpasar,Thunderstorm,badai petir,25.6,77,1014,4.1,2025-07-28,4
2025-07-28,Senin,KLM,KL4028,Soekarno-Hatta International,CGK,Ngurah Rai International,DPS,2025-07-28 11:40:00,2025-07-28 14:40:00,11,14,Denpasar,Thunderstorm,badai petir,25.6,77,1014,4.1,2025-07-28,8
2025-07-28,Senin,Emirates,EK7294,Soekarno-Hatta International,CGK,Ngurah Rai International,DPS,2025-07-28 11:40:00,2025-07-28 14:40:00,11,14,Denpasar,Thunderstorm,badai petir,25.6,77,1014,4.1,2025-07-28,3
2025-07-28,Senin,Garuda Indonesia,GA408,Soekarno-Hatta International,CGK,Ngurah Rai International,DPS,2025-07-28 11:40:00,2025-07-28 14:40:00,11,14,Denpasar,Thunderstorm,badai petir,25.6,77,1014,4.1,2025-07-28,7
2025-07-28,Senin,Etihad Airways,EY7111,Soekarno-Hatta International,CGK,Ngurah Rai International,DPS,2025-07-28 11:40:00,2025-07-28 14:40:00,11,14,Denpasar,Thunderstorm,badai petir,25.6,77,1014,4.1,2025-07-28,5
2025-07-28,Senin,Air Europa,UX3551,Soekarno-Hatta International,CGK,Ngurah Rai International,DPS,2025-07-28 11:40:00,2025-07-28 14:40:00,11,14,Denpasar,Thunderstorm,badai petir,25.6,77,1014,4.1,2025-07-28,3
2025-07-28,Senin,Pelita Air,IP802,Soekarno-Hatta International,CGK,Hasanudin,UPG,2025-07-28 11:30:00,2025-07-28 14:50:00,11,14,Makassar,Clouds,berawan,26.3,61,1005,1.1,2025-07-28,0
2025-07-28,Senin,AirAsia,AK814,Soekarno-Hatta International,CGK,Ngurah Rai International,DPS,2025-07-28 11:55:00,2025-07-28 14:50:00,11,14,Denpasar,Thunderstorm,badai petir,25.6,77,1014,4.1,2025-07-28,63
2025-07-28,Senin,Pelita Air,IP108,Soekarno-Hatta International,CGK,Ngurah Rai International,DPS,2025-07-28 12:05:00,2025-07-28 14:55:00,12,14,Denpasar,Thunderstorm,badai petir,25.6,77,1014,4.1,2025-07-28,3
2025-07-28,Senin,Super Air Jet,IU742,Soekarno-Hatta International,CGK,Ngurah Rai International,DPS,2025-07-28 12:40:00,2025-07-28 15:30:00,12,15,Denpasar,Thunderstorm,badai petir,25.6,77,1014,4.1,2025-07-28,10
2025-07-28,Senin,KLM,KL4032,Soekarno-Hatta International,CGK,Juanda,SUB,2025-07-28 14:00:00,2025-07-28 15:35:00,14,15,Surabaya,Thunderstorm,badai petir,29.1,70,1008,4.8,2025-07-28,6
2025-07-28,Senin,Saudia,SV6148,Soekarno-Hatta International,CGK,Juanda,SUB,2025-07-28 14:00:00,2025-07-28 15:35:00,14,15,Surabaya,Thunderstorm,badai petir,29.1,70,1008,4.8,2025-07-28,36
2025-07-28,Senin,Malaysia Airlines,MH4040,Soekarno-Hatta International,CGK,Juanda,SUB,2025-07-28 14:00:00,2025-07-28 15:35:00,14,15,Surabaya,Thunderstorm,badai petir,29.1,70,1008,4.8,2025-07-28,11
2025-07-28,Senin,Emirates,EK7262,Soekarno-Hatta International,CGK,Juanda,SUB,2025-07-28 14:00:00,2025-07-28 15:35:00,14,15,Surabaya,Thunderstorm,badai petir,29.1,70,1008,4.8,2025-07-28,8
2025-07-28,Senin,Garuda Indonesia,GA310,Soekarno-Hatta International,CGK,Juanda,SUB,2025-07-28 14:00:00,2025-07-28 15:35:00,14,15,Surabaya,Thunderstorm,badai petir,29.1,70,1008,4.8,2025-07-28,9
2025-07-28,Senin,Lion Air,JT782,Soekarno-Hatta International,CGK,Hasanudin,UPG,2025-07-28 12:20:00,2025-07-28 15:40:00,12,15,Makassar,Clouds,berawan,26.3,61,1005,1.1,2025-07-28,3
2025-07-28,Senin,AirAsia,AK806,Soekarno-Hatta International,CGK,Ngurah Rai International,DPS,2025-07-28 12:45:00,2025-07-28 15:45:00,12,15,Denpasar,Thunderstorm,badai petir,25.6,77,1014,4.1,2025-07-28,6
2025-07-28,Senin,Pelita Air,IP206,Soekarno-Hatta International,CGK,Juanda,SUB,2025-07-28 14:25:00,2025-07-28 15:55:00,14,15,Surabaya,Drizzle,gerimis,30.2,78,1010,3.5,2025-07-28,7
2025-07-28,Senin,Lion Air,JT619,Soekarno-Hatta International,CGK,Juanda,SUB,2025-07-28 14:40:00,2025-07-28 16:05:00,14,16,Surabaya,Drizzle,gerimis,30.2,78,1010,3.5,2025-07-28,0
2025-07-28,Senin,Lion Air,JT692,Soekarno-Hatta International,CGK,Juanda,SUB,2025-07-28 14:40:00,2025-07-28 16:05:00,14,16,Surabaya,Drizzle,gerimis,30.2,78,1010,3.5,2025-07-28,2
2025-07-28,Senin,Lion Air,JT171,Soekarno-Hatta International,CGK,Juanda,SUB,2025-07-28 14:40:00,2025-07-28 16:05:00,14,16,Surabaya,Drizzle,gerimis,30.2,78,1010,3.5,2025-07-28,10
2025-07-28,Senin,Super Air Jet,IU900,Soekarno-Hatta International,CGK,Minangkabau International Airport,PDG,2025-07-28 14:40:00,2025-07-28 16:25:00,14,16,Padang,Drizzle,gerimis,26.7,77,1005,4.2,2025-07-28,1
2025-07-28,Senin,Saudia,SV6176,Soekarno-Hatta International,CGK,Ngurah Rai International,DPS,2025-07-28 13:30:00,2025-07-28 16:30:00,13,16,Denpasar,Thunderstorm,badai petir,27.1,87,1015,1.2,2025-07-28,9
2025-07-28,Senin,Garuda Indonesia,GA422,Soekarno-Hatta International,CGK,Ngurah Rai International,DPS,2025-07-28 13:30:00,2025-07-28 16:30:00,13,16,Denpasar,Thunderstorm,badai petir,27.1,87,1015,1.2,2025-07-28,1
2025-07-28,Senin,Vietnam Airlines,VN3278,Soekarno-Hatta International,CGK,Ngurah Rai International,DPS,2025-07-28 13:30:00,2025-07-28 16:30:00,13,16,Denpasar,Thunderstorm,badai petir,27.1,87,1015,1.2,2025-07-28,57
2025-07-28,Senin,Etihad Airways,EY8074,Soekarno-Hatta International,CGK,Minangkabau International Airport,PDG,2025-07-28 14:40:00,2025-07-28 16:30:00,14,16,Padang,Drizzle,gerimis,26.7,77,1005,4.2,2025-07-28,5
2025-07-28,Senin,Aeromexico,AM7409,Soekarno-Hatta International,CGK,Ngurah Rai International,DPS,2025-07-28 13:30:00,2025-07-28 16:30:00,13,16,Denpasar,Thunderstorm,badai petir,27.1,87,1015,1.2,2025-07-28,84
2025-07-28,Senin,Etihad Airways,EY8161,Soekarno-Hatta International,CGK,Ngurah Rai International,DPS,2025-07-28 13:30:00,2025-07-28 16:30:00,13,16,Denpasar,Thunderstorm,badai petir,27.1,87,1015,1.2,2025-07-28,1
2025-07-28,Senin,Garuda Indonesia,GA162,Soekarno-Hatta International,CGK,Minangkabau International Airport,PDG,2025-07-28 14:40:00,2025-07-28 16:30:00,14,16,Padang,Drizzle,gerimis,26.7,77,1005,4.2,2025-07-28,5
2025-07-28,Senin,Saudia,SV6173,Soekarno-Hatta International,CGK,Ngurah Rai International,DPS,2025-07-28 14:30:00,2025-07-28 17:25:00,14,17,Denpasar,Mist,berkabut,28.2,79,1007,4.4,2025-07-28,69
2025-07-28,Senin,KLM,KL4072,Soekarno-Hatta International,CGK,Ngurah Rai International,DPS,2025-07-28 14:30:00,2025-07-28 17:25:00,14,17,Denpasar,Mist,berkabut,28.2,79,1007,4.4,2025-07-28,4
2025-07-28,Senin,Vietnam Airlines,VN3928,Soekarno-Hatta International,CGK,Ngurah Rai International,DPS,2025-07-28 14:30:00,2025-07-28 17:25:00,14,17,Denpasar,Mist,berkabut,28.2,79,1007,4.4,2025-07-28,6
2025-07-28,Senin,Etihad Airways,EY7113,Soekarno-Hatta International,CGK,Ngurah Rai International,DPS,2025-07-28 14:30:00,2025-07-28 17:25:00,14,17,Denpasar,Mist,berkabut,28.2,79,1007,4.4,2025-07-28,24
2025-07-28,Senin,Garuda Indonesia,GA410,Soekarno-Hatta International,CGK,Ngurah Rai International,DPS,2025-07-28 14:30:00,2025-07-28 17:25:00,14,17,Denpasar,Mist,berkabut,28.2,79,1007,4.4,2025-07-28,8
2025-07-28,Senin,Saudia,SV6153,Soekarno-Hatta International,CGK,Juanda,SUB,2025-07-28 16:00:00,2025-07-28 17:40:00,16,17,Surabaya,Mist,berkabut,31.4,88,1015,2.7,2025-07-28,8
2025-07-28,Senin,Oman Air,WY5787,Soekarno-Hatta International,CGK,Juanda,SUB,2025-07-28 16:00:00,2025-07-28 17:40:00,16,17,Surabaya,Mist,berkabut,31.4,88,1015,2.7,2025-07-28,65
2025-07-28,Senin,Etihad Airways,EY7121,Soekarno-Hatta International,CGK,Juanda,SUB,2025-07-28 16:00:00,2025-07-28 17:40:00,16,17,Surabaya,Mist,berkabut,31.4,88,1015,2.7,2025-07-28,7
2025-07-28,Senin,China Airlines,CI9774,Soekarno-Hatta International,CGK,Juanda,SUB,2025-07-28 16:00:00,2025-07-28 17:40:00,16,17,Surabaya,Mist,berkabut,31.4,88,1015,2.7,2025-07-28,49
2025-07-28,Senin,Malaysia Airlines,MH5772,Soekarno-Hatta International,CGK,Juanda,SUB,2025-07-28 16:00:00,2025-07-28 17:40:00,16,17,Surabaya,Mist,berkabut,31.4,88,1015,2.7,2025-07-28,9
2025-07-28,Senin,Vietnam Airlines,VN3958,Soekarno-Hatta International,CGK,Juanda,SUB,2025-07-28 16:00:00,2025-07-28 17:40:00,16,17,Surabaya,Mist,berkabut,31.4,88,1015,2.7,2025-07-28,3
2025-07-28,Senin,Garuda Indonesia,GA320,Soekarno-Hatta International,CGK,Juanda,SUB,2025-07-28 16:00:00,2025-07-28 17:40:00,16,17,Surabaya,Mist,berkabut,31.4,88,1015,2.7,2025-07-28,83
2025-07-28,Senin,Super Air Jet,IU736,Soekarno-Hatta International,CGK,Ngurah Rai International,DPS,2025-07-28 14:50:00,2025-07-28 17:40:00,14,17,Denpasar,Mist,berkabut,28.2,79,1007,4.4,2025-07-28,26
2025-07-28,Senin,Batik Air,ID6266,Soekarno-Hatta International,CGK,Hasanudin,UPG,2025-07-28 14:30:00,2025-07-28 17:50:00,14,17,Makassar,Drizzle,gerimis,28.2,60,1006,3.4,2025-07-28,52
2025-07-28,Senin,Garuda Indonesia,GA612,Soekarno-Hatta International,CGK,Hasanudin,UPG,2025-07-28 14:25:00,2025-07-28 18:00:00,14,18,Makassar,Drizzle,gerimis,28.2,60,1006,3.4,2025-07-28,74
2025-07-28,Senin,Saudia,SV6185,Soekarno-Hatta International,CGK,Hasanudin,UPG,2025-07-28 14:25:00,2025-07-28 18:00:00,14,18,Makassar,Drizzle,gerimis,28.2,60,1006,3.4,2025-07-28,6
2025-07-28,Senin,Etihad Airways,EY8185,Soekarno-Hatta International,CGK,Hasanudin,UPG,2025-07-28 14:25:00,2025-07-28 18:00:00,14,18,Makassar,Drizzle,gerimis,28.2,60,1006,3.4,2025-07-28,58
2025-07-28,Senin,Pelita Air,IP356,Soekarno-Hatta International,CGK,Minangkabau International Airport,PDG,2025-07-28 16:20:00,2025-07-28 18:05:00,16,18,Padang,Mist,berkabut,28.2,83,1012,4.5,2025-07-28,0
2025-07-28,Senin,Citilink,QG688,Soekarno-Hatta International,CGK,Ngurah Rai International,DPS,2025-07-28 15:20:00,2025-07-28 18:15:00,15,18,Denpasar,Mist,berkabut,28.2,79,1007,4.4,2025-07-28,4
2025-07-28,Senin,Vietnam Airlines,VN3926,Soekarno-Hatta International,CGK,Ngurah Rai International,DPS,2025-07-28 15:30:00,2025-07-28 18:25:00,15,18,Denpasar,Mist,berkabut,28.2,79,1007,4.4,2025-07-28,7
2025-07-28,Senin,Garuda Indonesia,GA414,Soekarno-Hatta International,CGK,Ngurah Rai International,DPS,2025-07-28 15:30:00,2025-07-28 18:25:00,15,18,Denpasar,Mist,berkabut,28.2,79,1007,4.4,2025-07-28,37
2025-07-28,Senin,Turkish Airlines,TK9368,Soekarno-Hatta International,CGK,Ngurah Rai International,DPS,2025-07-28 15:30:00,2025-07-28 18:25:00,15,18,Denpasar,Mist,berkabut,28.2,79,1007,4.4,2025-07-28,5
2025-07-28,Senin,Batik Air,ID6576,Soekarno-Hatta International,CGK,Juanda,SUB,2025-07-28 17:00:00,2025-07-28 18:25:00,17,18,Surabaya,Mist,berkabut,31.4,88,1015,2.7,2025-07-28,3
2025-07-28,Senin,Super Air Jet,IU754,Soekarno-Hatta International,CGK,Ngurah Rai International,DPS,2025-07-28 15:50:00,2025-07-28 18:40:00,15,18,Denpasar,Mist,berkabut,28.2,79,1007,4.4,2025-07-28,69
2025-07-28,Senin,Super Air Jet,IU904,Soekarno-Hatta International,CGK,Minangkabau International Airport,PDG,2025-07-28 17:00:00,2025-07-28 18:45:00,17,18,Padang,Mist,berkabut,28.2,83,1012,4.5,2025-07-28,9
2025-07-28,Senin,Citilink,QG736,Soekarno-Hatta International,CGK,Juanda,SUB,2025-07-28 17:10:00,2025-07-28 18:50:00,17,18,Surabaya,Drizzle,gerimis,30.5,79,1005,1.9,2025-07-28,4
2025-07-28,Senin,Pelita Air,IP202,Soekarno-Hatta International,CGK,Juanda,SUB,2025-07-28 17:40:00,2025-07-28 19:05:00,17,19,Surabaya,Drizzle,gerimis,30.5,79,1005,1.9,2025-07-28,63
2025-07-28,Senin,Vietnam Airlines,VN3902,Soekarno-Hatta International,CGK,Juanda,SUB,2025-07-28 17:30:00,2025-07-28 19:10:00,17,19,Surabaya,Drizzle,gerimis,30.5,79,1005,1.9,2025-07-28,1
2025-07-28,Senin,Garuda Indonesia,GA326,Soekarno-Hatta International,CGK,Juanda,SUB,2025-07-28 17:30:00,2025-07-28 19:10:00,17,19,Surabaya,Drizzle,gerimis,30.5,79,1005,1.9,2025-07-28,39
2025-07-28,Senin,China Airlines,CI9684,Soekarno-Hatta International,CGK,Juanda,SUB,2025-07-28 17:30:00,2025-07-28 19:10:00,17,19,Surabaya,Drizzle,gerimis,30.5,79,1005,1.9,2025-07-28,49
2025-07-28,Senin,Malaysia Airlines,MH5774,Soekarno-Hatta International,CGK,Juanda,SUB,2025-07-28 17:30:00,2025-07-28 19:10:00,17,19,Surabaya,Drizzle,gerimis,30.5,79,1005,1.9,2025-07-28,57
2025-07-28,Senin,Sriwijaya Air,SJ5980,Soekarno-Hatta International,CGK,Hasanudin,UPG,2025-07-28 15:45:00,2025-07-28 19:10:00,15,19,Makassar,Thunderstorm,badai petir,32.7,71,1009,1.1,2025-07-28,4
2025-07-28,Senin,Etihad Airways,EY8186,Soekarno-Hatta International,CGK,Juanda,SUB,2025-07-28 17:30:00,2025-07-28 19:10:00,17,19,Surabaya,Drizzle,gerimis,30.5,79,1005,1.9,2025-07-28,5
2025-07-28,Senin,Oman Air,WY5788,Soekarno-Hatta International,CGK,Juanda,SUB,2025-07-28 17:30:00,2025-07-28 19:10:00,17,19,Surabaya,Drizzle,gerimis,30.5,79,1005,1.9,2025-07-28,9
2025-07-28,Senin,Citilink,QG426,Soekarno-Hatta International,CGK,Hasanudin,UPG,2025-07-28 16:00:00,2025-07-28 19:25:00,16,19,Makassar,Thunderstorm,badai petir,32.7,71,1009,1.1,2025-07-28,7
2025-07-28,Senin,Lion Air,JT175,Soekarno-Hatta International,CGK,Hasanudin,UPG,2025-07-28 16:15:00,2025-07-28 19:35:00,16,19,Makassar,Thunderstorm,badai petir,32.7,71,1009,1.1,2025-07-28,70
2025-07-28,Senin,Lion Air,JT772,Soekarno-Hatta International,CGK,Hasanudin,UPG,2025-07-28 16:15:00,2025-07-28 19:35:00,16,19,Makassar,Thunderstorm,badai petir,32.7,71,1009,1.1,2025-07-28,4
2025-07-28,Senin,Etihad Airways,EY7115,Soekarno-Hatta International,CGK,Ngurah Rai International,DPS,2025-07-28 17:00:00,2025-07-28 19:55:00,17,19,Denpasar,Drizzle,gerimis,25.2,62,1012,2.1,2025-07-28,31
2025-07-28,Senin,Garuda Indonesia,GA420,Soekarno-Hatta International,CGK,Ngurah Rai International,DPS,2025-07-28 17:00:00,2025-07-28 19:55:00,17,19,Denpasar,Drizzle,gerimis,25.2,62,1012,2.1,2025-07-28,40
2025-07-28,Senin,Batik Air,ID6296,Soekarno-Hatta International,CGK,Hasanudin,UPG,2025-07-28 16:50:00,2025-07-28 20:10:00,16,20,Makassar,Thunderstorm,badai petir,32.7,71,1009,1.1,2025-07-28,5
2025-07-28,Senin,Emirates,EK7272,Soekarno-Hatta International,CGK,Juanda,SUB,2025-07-28 18:30:00,2025-07-28 20:10:00,18,20,Surabaya,Drizzle,gerimis,30.5,79,1005,1.9,2025-07-28,6
2025-07-28,Senin,Vietnam Airlines,VN3284,Soekarno-Hatta International,CGK,Juanda,SUB,2025-07-28 18:30:00,2025-07-28 20:10:00,18,20,Surabaya,Drizzle,gerimis,30.5,79,1005,1.9,2025-07-28,11
2025-07-28,Senin,China Airlines,CI9788,Soekarno-Hatta International,CGK,Juanda,SUB,2025-07-28 18:30:00,2025-07-28 20:10:00,18,20,Surabaya,Drizzle,gerimis,30.5,79,1005,1.9,2025-07-28,3
2025-07-28,Senin,Etihad Airways,EY8180,Soekarno-Hatta International,CGK,Juanda,SUB,2025-07-28 18:30:00,2025-07-28 20:10:00,18,20,Surabaya,Drizzle,gerimis,30.5,79,1005,1.9,2025-07-28,29
2025-07-28,Senin,Saudia,SV6152,Soekarno-Hatta International,CGK,Juanda,SUB,2025-07-28 18:30:00,2025-07-28 20:10:00,18,20,Surabaya,Drizzle,gerimis,30.5,79,1005,1.9,2025-07-28,8
2025-07-28,Senin,Malaysia Airlines,MH4036,Soekarno-Hatta International,CGK,Juanda,SUB,2025-07-28 18:30:00,2025-07-28 20:10:00,18,20,Surabaya,Drizzle,gerimis,30.5,79,1005,1.9,2025-07-28,5
2025-07-28,Senin,Garuda Indonesia,GA328,Soekarno-Hatta International,CGK,Juanda,SUB,2025-07-28 18:30:00,2025-07-28 20:10:00,18,20,Surabaya,Drizzle,gerimis,30.5,79,1005,1.9,2025-07-28,1
2025-07-28,Senin,Malaysia Airlines,MH5782,Soekarno-Hatta International,CGK,Hasanudin,UPG,2025-07-28 16:45:00,2025-07-28 20:20:00,16,20,Makassar,Clouds,berawan,24.6,66,1010,4.3,2025-07-28,0
2025-07-28,Senin,Garuda Indonesia,GA616,Soekarno-Hatta International,CGK,Hasanudin,UPG,2025-07-28 16:45:00,2025-07-28 20:20:00,16,20,Makassar,Clouds,berawan,24.6,66,1010,4.3,2025-07-28,65
2025-07-28,Senin,Batik Air,ID6594,Soekarno-Hatta International,CGK,Juanda,SUB,2025-07-28 19:00:00,2025-07-28 20:25:00,19,20,Surabaya,Drizzle,gerimis,32.2,72,1010,4.9,2025-07-28,1
2025-07-28,Senin,Batik Air,ID6588,Soekarno-Hatta International,CGK,Juanda,SUB,2025-07-28 20:00:00,2025-07-28 21:25:00,20,21,Surabaya,Drizzle,gerimis,32.2,72,1010,4.9,2025-07-28,87
2025-07-28,Senin,Emirates,EK7270,Soekarno-Hatta International,CGK,Ngurah Rai International,DPS,2025-07-28 18:30:00,2025-07-28 21:30:00,18,21,Denpasar,Clouds,berawan,32.0,84,1009,1.6,2025-07-28,5
2025-07-28,Senin,Saudia,SV6370,Soekarno-Hatta International,CGK,Ngurah Rai International,DPS,2025-07-28 18:30:00,2025-07-28 21:30:00,18,21,Denpasar,Clouds,berawan,32.0,84,1009,1.6,2025-07-28,56
2025-07-28,Senin,Japan Airlines,JL6927,Soekarno-Hatta International,CGK,Ngurah Rai International,DPS,2025-07-28 18:30:00,2025-07-28 21:30:00,18,21,Denpasar,Clouds,berawan,32.0,84,1009,1.6,2025-07-28,0
2025-07-28,Senin,Citilink,QG720,Soekarno-Hatta International,CGK,Juanda,SUB,2025-07-28 20:00:00,2025-07-28 21:30:00,20,21,Surabaya,Drizzle,gerimis,32.2,72,1010,4.9,2025-07-28,80
2025-07-28,Senin,Etihad Airways,EY8162,Soekarno-Hatta International,CGK,Ngurah Rai International,DPS,2025-07-28 18:30:00,2025-07-28 21:30:00,18,21,Denpasar,Clouds,berawan,32.0,84,1009,1.6,2025-07-28,36
2025-07-28,Senin,Vietnam Airlines,VN3878,Soekarno-Hatta International,CGK,Ngurah Rai International,DPS,2025-07-28 18:30:00,2025-07-28 21:30:00,18,21,Denpasar,Clouds,berawan,32.0,84,1009,1.6,2025-07-28,3
2025-07-28,Senin,Garuda Indonesia,GA426,Soekarno-Hatta International,CGK,Ngurah Rai International,DPS,2025-07-28 18:30:00,2025-07-28 21:30:00,18,21,Denpasar,Clouds,berawan,32.0,84,1009,1.6,2025-07-28,83
2025-07-28,Senin,Citilink,QG726,Soekarno-Hatta International,CGK,Juanda,SUB,2025-07-28 20:00:00,2025-07-28 21:35:00,20,21,Surabaya,Drizzle,gerimis,32.2,72,1010,4.9,2025-07-28,65
2025-07-28,Senin,Batik Air,ID6142,Soekarno-Hatta International,CGK,Hasanudin,UPG,2025-07-28 18:30:00,2025-07-28 21:50:00,18,21,Makassar,Drizzle,gerimis,27.4,63,1008,3.1,2025-07-28,2
2025-07-28,Senin,Citilink,QG442,Soekarno-Hatta International,CGK,Hasanudin,UPG,2025-07-28 20:40:00,2025-07-28 22:05:00,20,22,Makassar,Drizzle,gerimis,27.4,63,1008,3.1,2025-07-28,58
2025-07-28,Senin,AirAsia,AK810,Soekarno-Hatta International,CGK,Ngurah Rai International,DPS,2025-07-28 19:30:00,2025-07-28 22:20:00,19,22,Denpasar,Drizzle,gerimis,31.5,81,1005,4.7,2025-07-28,8
2025-07-28,Senin,Citilink,QG660,Soekarno-Hatta International,CGK,Ngurah Rai International,DPS,2025-07-28 19:25:00,2025-07-28 22:20:00,19,22,Denpasar,Drizzle,gerimis,31.5,81,1005,4.7,2025-07-28,10
2025-07-28,Senin,TransNusa,8B5110,Soekarno-Hatta International,CGK,Ngurah Rai International,DPS,2025-07-28 20:10:00,2025-07-28 23:00:00,20,23,Denpasar,Drizzle,gerimis,31.5,81,1005,4.7,2025-07-28,6
2025-07-28,Senin,Lion Air,JT798,Soekarno-Hatta International,CGK,Hasanudin,UPG,2025-07-28 20:00:00,2025-07-28 23:20:00,20,23,Makassar,Rain,hujan ringan,33.9,75,1007,2.6,2025-07-29,91
2025-07-28,Senin,Lion Air,JT938,Soekarno-Hatta International,CGK,Hasanudin,UPG,2025-07-28 20:00:00,2025-07-28 23:20:00,20,23,Makassar,Rain,hujan ringan,33.9,75,1007,2.6,2025-07-29,75
2025-07-28,Senin,Lion Air,JT123,Soekarno-Hatta International,CGK,Hasanudin,UPG,2025-07-28 20:00:00,2025-07-28 23:20:00,20,23,Makassar,Rain,hujan ringan,33.9,75,1007,2.6,2025-07-29,5
2025-07-28,Senin,Garuda Indonesia,GA618,Soekarno-Hatta International,CGK,Hasanudin,UPG,2025-07-28 20:15:00,2025-07-28 23:50:00,20,23,Makassar,Rain,hujan ringan,33.9,75,1007,2.6,2025-07-29,9
2025-07-28,Senin,Super Air Jet,IU244,Soekarno-Hatta International,CGK,Hasanudin,UPG,2025-07-28 21:00:00,2025-07-29 00:20:00,21,0,Makassar,Rain,hujan ringan,33.9,75,1007,2.6,2025-07-29,8
2025-07-28,Senin,Citilink,QG250,Soekarno-Hatta International,CGK,Hasanudin,UPG,2025-07-28 21:30:00,2025-07-29 00:55:00,21,0,Makassar,Rain,hujan ringan,25.2,62,1009,4.0,2025-07-29,0
2025-07-28,Senin,Lion Air,JT984,Soekarno-Hatta International,CGK,Hasanudin,UPG,2025-07-28 22:00:00,2025-07-29 01:20:00,22,1,Makassar,Rain,hujan ringan,25.2,62,1009,4.0,2025-07-29,9
2025-07-28,Senin,Lion Air,JT948,Soekarno-Hatta International,CGK,Hasanudin,UPG,2025-07-28 22:00:00,2025-07-29 01:20:00,22,1,Makassar,Rain,hujan ringan,25.2,62,1009,4.0,2025-07-29,83
2025-07-28,Senin,Lion Air,JT888,Soekarno-Hatta International,CGK,Hasanudin,UPG,2025-07-28 22:00:00,2025-07-29 01:20:00,22,1,Makassar,Rain,hujan ringan,25.2,62,1009,4.0,2025-07-29,5
2025-07-28,Senin,Lion Air,JT371,Soekarno-Hatta International,CGK,Hasanudin,UPG,2025-07-28 22:00:00,2025-07-29 01:20:00,22,1,Makassar,Rain,hujan ringan,25.2,62,1009,4.0,2025-07-29,0
2025-07-28,Senin,Sriwijaya Air,SJ598,Soekarno-Hatta International,CGK,Hasanudin,UPG,2025-07-28 22:15:00,2025-07-29 01:40:00,22,1,Makassar,Rain,hujan ringan,25.2,62,1009,4.0,2025-07-29,5
2025-07-28,Senin,Batik Air,ID6164,Soekarno-Hatta International,CGK,Hasanudin,UPG,2025-07-28 23:00:00,2025-07-29 02:20:00,23,2,Makassar,Drizzle,gerimis,26.2,65,1006,3.0,2025-07-29,77
2025-07-28,Senin,Batik Air,ID6192,Soekarno-Hatta International,CGK,Hasanudin,UPG,2025-07-28 23:00:00,2025-07-29 02:20:00,23,2,Makassar,Drizzle,gerimis,26.2,65,1006,3.0,2025-07-29,1
2025-07-28,Senin,Batik Air,ID6182,Soekarno-Hatta International,CGK,Hasanudin,UPG,2025-07-28 23:00:00,2025-07-29 02:20:00,23,2,Makassar,Drizzle,gerimis,26.2,65,1006,3.0,2025-07-29,2
2025-07-28,Senin,Pelita Air,IP500,Soekarno-Hatta International,CGK,Hasanudin,UPG,2025-07-28 23:45:00,2025-07-29 03:10:00,23,3,Makassar,Drizzle,gerimis,26.2,65,1006,3.0,2025-07-29,6
2025-07-29,Selasa,Batik Air,ID6288,Soekarno-Hatta International,CGK,Hasanudin,UPG,2025-07-29 00:10:00,2025-07-29 03:30:00,0,3,Makassar,Drizzle,gerimis,26.2,65,1006,3.0,2025-07-29,45
2025-07-29,Selasa,Sriwijaya Air,SJ592,Soekarno-Hatta International,CGK,Hasanudin,UPG,2025-07-29 00:30:00,2025-07-29 03:55:00,0,3,Makassar,Clear,cerah,31.2,66,1013,4.1,2025-07-29,7
2025-07-29,Selasa,Citilink,QG346,Soekarno-Hatta International,CGK,Hasanudin,UPG,2025-07-29 01:10:00,2025-07-29 04:30:00,1,4,Makassar,Clear,cerah,31.2,66,1013,4.1,2025-07-29,3
2025-07-29,Selasa,Lion Air,JT3896,Soekarno-Hatta International,CGK,Hasanudin,UPG,2025-07-29 01:30:00,2025-07-29 04:50:00,1,4,Makassar,Clear,cerah,31.2,66,1013,4.1,2025-07-29,3
2025-07-29,Selasa,Lion Air,JT898,Soekarno-Hatta International,CGK,Hasanudin,UPG,2025-07-29 01:30:00,2025-07-29 04:50:00,1,4,Makassar,Clear,cerah,31.2,66,1013,4.1,2025-07-29,5
2025-07-29,Selasa,Lion Air,JT986,Soekarno-Hatta International,CGK,Hasanudin,UPG,2025-07-29 01:30:00,2025-07-29 04:50:00,1,4,Makassar,Clear,cerah,31.2,66,1013,4.1,2025-07-29,2
2025-07-29,Selasa,Lion Air,JT748,Soekarno-Hatta International,CGK,Juanda,SUB,2025-07-29 03:30:00,2025-07-29 04:55:00,3,4,Surabaya,Thunderstorm,badai petir,31.0,84,1007,3.1,2025-07-29,11
2025-07-29,Selasa,Lion Air,JT690,Soekarno-Hatta International,CGK,Juanda,SUB,2025-07-29 03:30:00,2025-07-29 04:55:00,3,4,Surabaya,Thunderstorm,badai petir,31.0,84,1007,3.1,2025-07-29,5
2025-07-29,Selasa,Garuda Indonesia,GA604,Soekarno-Hatta International,CGK,Hasanudin,UPG,2025-07-29 01:35:00,2025-07-29 05:10:00,1,5,Makassar,Clear,cerah,31.2,66,1013,4.1,2025-07-29,73
2025-07-29,Selasa,Saudia,SV6193,Soekarno-Hatta International,CGK,Hasanudin,UPG,2025-07-29 01:35:00,2025-07-29 05:10:00,1,5,Makassar,Clear,cerah,31.2,66,1013,4.1,2025-07-29,24
2025-07-29,Selasa,China Airlines,CI8612,Soekarno-Hatta International,CGK,Hasanudin,UPG,2025-07-29 01:35:00,2025-07-29 05:10:00,1,5,Makassar,Clear,cerah,31.2,66,1013,4.1,2025-07-29,4
2025-07-29,Selasa,Malaysia Airlines,MH4042,Soekarno-Hatta International,CGK,Hasanudin,UPG,2025-07-29 01:35:00,2025-07-29 05:10:00,1,5,Makassar,Clear,cerah,31.2,66,1013,4.1,2025-07-29,0
2025-07-29,Selasa,Emirates,EK7302,Soekarno-Hatta International,CGK,Hasanudin,UPG,2025-07-29 01:35:00,2025-07-29 05:10:00,1,5,Makassar,Clear,cerah,31.2,66,1013,4.1,2025-07-29,10
2025-07-29,Selasa,Japan Airlines,JL8487,Soekarno-Hatta International,CGK,Hasanudin,UPG,2025-07-29 01:35:00,2025-07-29 05:10:00,1,5,Makassar,Clear,cerah,31.2,66,1013,4.1,2025-07-29,4
2025-07-29,Selasa,Emirates,EK3553,Soekarno-Hatta International,CGK,Hasanudin,UPG,2025-07-29 02:20:00,2025-07-29 05:40:00,2,5,Makassar,Mist,berkabut,33.3,83,1013,2.9,2025-07-29,7
2025-07-29,Selasa,Batik Air,ID6264,Soekarno-Hatta International,CGK,Hasanudin,UPG,2025-07-29 02:20:00,2025-07-29 05:40:00,2,5,Makassar,Mist,berkabut,33.3,83,1013,2.9,2025-07-29,6
2025-07-29,Selasa,Batik Air,ID6751,Soekarno-Hatta International,CGK,Hasanudin,UPG,2025-07-29 02:20:00,2025-07-29 05:45:00,2,5,Makassar,Mist,berkabut,33.3,83,1013,2.9,2025-07-29,5
2025-07-29,Selasa,Batik Air,ID6370,Soekarno-Hatta International,CGK,Juanda,SUB,2025-07-29 04:40:00,2025-07-29 06:05:00,4,6,Surabaya,Thunderstorm,badai petir,25.4,71,1011,4.5,2025-07-29,2
2025-07-29,Selasa,Super Air Jet,IU814,Soekarno-Hatta International,CGK,Minangkabau International Airport,PDG,2025-07-29 05:30:00,2025-07-29 07:15:00,5,7,Padang,Mist,berkabut,26.3,87,1008,4.4,2025-07-29,3
2025-07-29,Selasa,Lion Air,JT2792,Soekarno-Hatta International,CGK,Hasanudin,UPG,2025-07-29 04:00:00,2025-07-29 07:20:00,4,7,Makassar,Thunderstorm,badai petir,27.1,72,1014,2.1,2025-07-29,1
2025-07-29,Selasa,Lion Air,JT1852,Soekarno-Hatta International,CGK,Hasanudin,UPG,2025-07-29 04:00:00,2025-07-29 07:20:00,4,7,Makassar,Thunderstorm,badai petir,27.1,72,1014,2.1,2025-07-29,3
2025-07-29,Selasa,Lion Air,JT792,Soekarno-Hatta International,CGK,Hasanudin,UPG,2025-07-29 04:00:00,2025-07-29 07:20:00,4,7,Makassar,Thunderstorm,badai petir,27.1,72,1014,2.1,2025-07-29,2
2025-07-29,Selasa,Super Air Jet,IU730,Soekarno-Hatta International,CGK,Ngurah Rai International,DPS,2025-07-29 04:30:00,2025-07-29 07:20:00,4,7,Denpasar,Clear,cerah,24.1,89,1013,1.6,2025-07-29,76
2025-07-29,Selasa,Garuda Indonesia,GA314,Soekarno-Hatta International,CGK,Juanda,SUB,2025-07-29 05:50:00,2025-07-29 07:30:00,5,7,Surabaya,Clear,cerah,31.8,80,1005,1.9,2025-07-29,7
2025-07-29,Selasa,Citilink,QG712,Soekarno-Hatta International,CGK,Juanda,SUB,2025-07-29 05:55:00,2025-07-29 07:35:00,5,7,Surabaya,Clear,cerah,31.8,80,1005,1.9,2025-07-29,12
2025-07-29,Selasa,Batik Air,ID6572,Soekarno-Hatta International,CGK,Juanda,SUB,2025-07-29 06:15:00,2025-07-29 07:40:00,6,7,Surabaya,Clear,cerah,31.8,80,1005,1.9,2025-07-29,75
2025-07-29,Selasa,Pelita Air,IP350,Soekarno-Hatta International,CGK,Minangkabau International Airport,PDG,2025-07-29 06:10:00,2025-07-29 07:55:00,6,7,Padang,Mist,berkabut,26.3,87,1008,4.4,2025-07-29,2
2025-07-29,Selasa,Citilink,QG680,Soekarno-Hatta International,CGK,Ngurah Rai International,DPS,2025-07-29 05:05:00,2025-07-29 08:00:00,5,8,Denpasar,Clear,cerah,24.1,89,1013,1.6,2025-07-29,1
2025-07-29,Selasa,Super Air Jet,IU908,Soekarno-Hatta International,CGK,Minangkabau International Airport,PDG,2025-07-29 06:30:00,2025-07-29 08:15:00,6,8,Padang,Mist,berkabut,26.3,87,1008,4.4,2025-07-29,1
2025-07-29,Selasa,Nam Air,IN282,Soekarno-Hatta International,CGK,Ngurah Rai International,DPS,2025-07-29 05:30:00,2025-07-29 08:20:00,5,8,Denpasar,Clear,cerah,28.2,80,1012,4.9,2025-07-29,7
2025-07-29,Selasa,Emirates,EK7298,Soekarno-Hatta International,CGK,Juanda,SUB,2025-07-29 06:50:00,2025-07-29 08:25:00,6,8,Surabaya,Thunderstorm,badai petir,29.2,63,1008,1.3,2025-07-29,3
2025-07-29,Selasa,Garuda Indonesia,GA304,Soekarno-Hatta International,CGK,Juanda,SUB,2025-07-29 06:50:00,2025-07-29 08:25:00,6,8,Surabaya,Thunderstorm,badai petir,29.2,63,1008,1.3,2025-07-29,4
2025-07-29,Selasa,Etihad Airways,EY8177,Soekarno-Hatta International,CGK,Juanda,SUB,2025-07-29 06:50:00,2025-07-29 08:25:00,6,8,Surabaya,Thunderstorm,badai petir,29.2,63,1008,1.3,2025-07-29,5
2025-07-29,Selasa,Saudia,SV6150,Soekarno-Hatta International,CGK,Juanda,SUB,2025-07-29 06:50:00,2025-07-29 08:25:00,6,8,Surabaya,Thunderstorm,badai petir,29.2,63,1008,1.3,2025-07-29,3
2025-07-29,Selasa,China Airlines,CI9668,Soekarno-Hatta International,CGK,Juanda,SUB,2025-07-29 06:50:00,2025-07-29 08:25:00,6,8,Surabaya,Thunderstorm,badai petir,29.2,63,1008,1.3,2025-07-29,34
2025-07-29,Selasa,Philippine Airlines,PR3288,Soekarno-Hatta International,CGK,Juanda,SUB,2025-07-29 06:50:00,2025-07-29 08:25:00,6,8,Surabaya,Thunderstorm,badai petir,29.2,63,1008,1.3,2025-07-29,59
2025-07-29,Selasa,Vietnam Airlines,VN3884,Soekarno-Hatta International,CGK,Juanda,SUB,2025-07-29 06:50:00,2025-07-29 08:25:00,6,8,Surabaya,Thunderstorm,badai petir,29.2,63,1008,1.3,2025-07-29,7
2025-07-29,Selasa,Malaysia Airlines,MH4401,Soekarno-Hatta International,CGK,Juanda,SUB,2025-07-29 06:50:00,2025-07-29 08:25:00,6,8,Surabaya,Thunderstorm,badai petir,29.2,63,1008,1.3,2025-07-29,45
2025-07-29,Selasa,Pelita Air,IP200,Soekarno-Hatta International,CGK,Juanda,SUB,2025-07-29 06:55:00,2025-07-29 08:30:00,6,8,Surabaya,Thunderstorm,badai petir,29.2,63,1008,1.3,2025-07-29,8
2025-07-29,Selasa,Citilink,QG952,Soekarno-Hatta International,CGK,Minangkabau International Airport,PDG,2025-07-29 07:00:00,2025-07-29 08:55:00,7,8,Padang,Rain,hujan ringan,32.2,61,1007,3.3,2025-07-29,3
2025-07-29,Selasa,AirAsia,AK802,Soekarno-Hatta International,CGK,Ngurah Rai International,DPS,2025-07-29 06:20:00,2025-07-29 09:10:00,6,9,Denpasar,Clear,cerah,28.2,80,1012,4.9,2025-07-29,6
2025-07-29,Selasa,Batik Air,ID6236,Soekarno-Hatta International,CGK,Hasanudin,UPG,2025-07-29 06:00:00,2025-07-29 09:20:00,6,9,Makassar,Rain,hujan ringan,34.0,69,1015,1.9,2025-07-29,0
2025-07-29,Selasa,Batik Air,ID6554,Soekarno-Hatta International,CGK,Hasanudin,UPG,2025-07-29 06:00:00,2025-07-29 09:20:00,6,9,Makassar,Rain,hujan ringan,34.0,69,1015,1.9,2025-07-29,0
2025-07-29,Selasa,Super Air Jet,IU756,Soekarno-Hatta International,CGK,Ngurah Rai International,DPS,2025-07-29 06:30:00,2025-07-29 09:20:00,6,9,Denpasar,Clear,cerah,28.2,80,1012,4.9,2025-07-29,7
2025-07-29,Selasa,Super Air Jet,IU812,Soekarno-Hatta International,CGK,Minangkabau International Airport,PDG,2025-07-29 07:40:00,2025-07-29 09:25:00,7,9,Padang,Rain,hujan ringan,32.2,61,1007,3.3,2025-07-29,13
2025-07-29,Selasa,TransNusa,8B5104,Soekarno-Hatta International,CGK,Ngurah Rai International,DPS,2025-07-29 06:45:00,2025-07-29 09:30:00,6,9,Denpasar,Clear,cerah,28.2,80,1012,4.9,2025-07-29,0
2025-07-29,Selasa,Batik Air,ID6584,Soekarno-Hatta International,CGK,Juanda,SUB,2025-07-29 08:10:00,2025-07-29 09:35:00,8,9,Surabaya,Thunderstorm,badai petir,29.2,63,1008,1.3,2025-07-29,3
2025-07-29,Selasa,Pelita Air,IP210,Soekarno-Hatta International,CGK,Juanda,SUB,2025-07-29 08:25:00,2025-07-29 09:55:00,8,9,Surabaya,Clouds,berawan,32.8,61,1011,2.3,2025-07-29,7
2025-07-29,Selasa,Garuda Indonesia,GA402,Soekarno-Hatta International,CGK,Ngurah Rai International,DPS,2025-07-29 07:05:00,2025-07-29 10:10:00,7,10,Denpasar,Rain,hujan ringan,28.0,63,1008,4.2,2025-07-29,23
2025-07-29,Selasa,Garuda Indonesia,GA322,Soekarno-Hatta International,CGK,Juanda,SUB,2025-07-29 08:45:00,2025-07-29 10:25:00,8,10,Surabaya,Clouds,berawan,32.8,61,1011,2.3,2025-07-29,3
2025-07-29,Selasa,KLM,KL4054,Soekarno-Hatta International,CGK,Juanda,SUB,2025-07-29 08:45:00,2025-07-29 10:25:00,8,10,Surabaya,Clouds,berawan,32.8,61,1011,2.3,2025-07-29,63
2025-07-29,Selasa,Etihad Airways,EY8138,Soekarno-Hatta International,CGK,Juanda,SUB,2025-07-29 08:45:00,2025-07-29 10:25:00,8,10,Surabaya,Clouds,berawan,32.8,61,1011,2.3,2025-07-29,5
2025-07-29,Selasa,Lion Air,JT241,Soekarno-Hatta International,CGK,Juanda,SUB,2025-07-29 09:00:00,2025-07-29 10:25:00,9,10,Surabaya,Clouds,berawan,32.8,61,1011,2.3,2025-07-29,6
2025-07-29,Selasa,Vietnam Airlines,VN3876,Soekarno-Hatta International,CGK,Juanda,SUB,2025-07-29 08:45:00,2025-07-29 10:25:00,8,10,Surabaya,Clouds,berawan,32.8,61,1011,2.3,2025-07-29,46
2025-07-29,Selasa,China Airlines,CI9782,Soekarno-Hatta International,CGK,Juanda,SUB,2025-07-29 08:45:00,2025-07-29 10:25:00,8,10,Surabaya,Clouds,berawan,32.8,61,1011,2.3,2025-07-29,55
2025-07-29,Selasa,Japan Airlines,JL6911,Soekarno-Hatta International,CGK,Juanda,SUB,2025-07-29 08:45:00,2025-07-29 10:25:00,8,10,Surabaya,Clouds,berawan,32.8,61,1011,2.3,2025-07-29,55
2025-07-29,Selasa,Malaysia Airlines,MH4018,Soekarno-Hatta International,CGK,Juanda,SUB,2025-07-29 08:45:00,2025-07-29 10:25:00,8,10,Surabaya,Clouds,berawan,32.8,61,1011,2.3,2025-07-29,8
2025-07-29,Selasa,Lion Air,JT694,Soekarno-Hatta International,CGK,Juanda,SUB,2025-07-29 09:00:00,2025-07-29 10:25:00,9,10,Surabaya,Clouds,berawan,32.8,61,1011,2.3,2025-07-29,4
2025-07-29,Selasa,Philippine Airlines,PR3278,Soekarno-Hatta International,CGK,Juanda,SUB,2025-07-29 08:45:00,2025-07-29 10:25:00,8,10,Surabaya,Clouds,berawan,32.8,61,1011,2.3,2025-07-29,50
2025-07-29,Selasa,Super Air Jet,IU740,Soekarno-Hatta International,CGK,Ngurah Rai International,DPS,2025-07-29 07:40:00,2025-07-29 10:30:00,7,10,Denpasar,Rain,hujan ringan,28.0,63,1008,4.2,2025-07-29,0
2025-07-29,Selasa,Citilink,QG682,Soekarno-Hatta International,CGK,Ngurah Rai International,DPS,2025-07-29 08:00:00,2025-07-29 10:55:00,8,10,Denpasar,Rain,hujan ringan,28.0,63,1008,4.2,2025-07-29,65
2025-07-29,Selasa,Emirates,EK7258,Soekarno-Hatta International,CGK,Minangkabau International Airport,PDG,2025-07-29 09:25:00,2025-07-29 11:15:00,9,11,Padang,Mist,berkabut,26.9,66,1014,3.1,2025-07-29,4
2025-07-29,Selasa,Etihad Airways,EY7108,Soekarno-Hatta International,CGK,Minangkabau International Airport,PDG,2025-07-29 09:25:00,2025-07-29 11:15:00,9,11,Padang,Mist,berkabut,26.9,66,1014,3.1,2025-07-29,6
2025-07-29,Selasa,Garuda Indonesia,GA148,Soekarno-Hatta International,CGK,Minangkabau International Airport,PDG,2025-07-29 09:25:00,2025-07-29 11:15:00,9,11,Padang,Mist,berkabut,26.9,66,1014,3.1,2025-07-29,7
2025-07-29,Selasa,Japan Airlines,JL8475,Soekarno-Hatta International,CGK,Minangkabau International Airport,PDG,2025-07-29 09:25:00,2025-07-29 11:15:00,9,11,Padang,Mist,berkabut,26.9,66,1014,3.1,2025-07-29,47
2025-07-29,Selasa,Lion Air,JT992,Soekarno-Hatta International,CGK,Hasanudin,UPG,2025-07-29 08:00:00,2025-07-29 11:20:00,8,11,Makassar,Thunderstorm,badai petir,31.2,84,1013,1.4,2025-07-29,54
2025-07-29,Selasa,Lion Air,JT854,Soekarno-Hatta International,CGK,Hasanudin,UPG,2025-07-29 08:00:00,2025-07-29 11:20:00,8,11,Makassar,Thunderstorm,badai petir,31.2,84,1013,1.4,2025-07-29,6
2025-07-29,Selasa,Lion Air,JT1994,Soekarno-Hatta International,CGK,Hasanudin,UPG,2025-07-29 08:00:00,2025-07-29 11:20:00,8,11,Makassar,Thunderstorm,badai petir,31.2,84,1013,1.4,2025-07-29,6
2025-07-29,Selasa,Lion Air,JT2778,Soekarno-Hatta International,CGK,Hasanudin,UPG,2025-07-29 08:00:00,2025-07-29 11:20:00,8,11,Makassar,Thunderstorm,badai petir,31.2,84,1013,1.4,2025-07-29,7
2025-07-29,Selasa,Lion Air,JT892,Soekarno-Hatta International,CGK,Hasanudin,UPG,2025-07-29 08:00:00,2025-07-29 11:20:00,8,11,Makassar,Thunderstorm,badai petir,31.2,84,1013,1.4,2025-07-29,2
2025-07-29,Selasa,Super Air Jet,IU902,Soekarno-Hatta International,CGK,Minangkabau International Airport,PDG,2025-07-29 09:40:00,2025-07-29 11:25:00,9,11,Padang,Clouds,berawan,30.9,80,1009,4.9,2025-07-29,6
2025-07-29,Selasa,Batik Air,ID6582,Soekarno-Hatta International,CGK,Juanda,SUB,2025-07-29 10:15:00,2025-07-29 11:40:00,10,11,Surabaya,Clouds,berawan,26.3,71,1007,2.1,2025-07-29,6
2025-07-29,Selasa,Pelita Air,IP102,Soekarno-Hatta International,CGK,Ngurah Rai International,DPS,2025-07-29 09:10:00,2025-07-29 12:00:00,9,12,Denpasar,Drizzle,gerimis,28.0,90,1013,4.2,2025-07-29,43
2025-07-29,Selasa,AirAsia,AK804,Soekarno-Hatta International,CGK,Ngurah Rai International,DPS,2025-07-29 09:15:00,2025-07-29 12:15:00,9,12,Denpasar,Drizzle,gerimis,28.0,90,1013,4.2,2025-07-29,4
2025-07-29,Selasa,Pelita Air,IP204,Soekarno-Hatta International,CGK,Juanda,SUB,2025-07-29 10:40:00,2025-07-29 12:15:00,10,12,Surabaya,Clouds,berawan,26.3,71,1007,2.1,2025-07-29,8
2025-07-29,Selasa,Batik Air,ID6762,Soekarno-Hatta International,CGK,Hasanudin,UPG,2025-07-29 09:10:00,2025-07-29 12:30:00,9,12,Makassar,Thunderstorm,badai petir,31.2,84,1013,1.4,2025-07-29,8
2025-07-29,Selasa,Super Air Jet,IU752,Soekarno-Hatta International,CGK,Ngurah Rai International,DPS,2025-07-29 09:40:00,2025-07-29 12:30:00,9,12,Denpasar,Drizzle,gerimis,28.0,90,1013,4.2,2025-07-29,0
2025-07-29,Selasa,Batik Air,ID6292,Soekarno-Hatta International,CGK,Hasanudin,UPG,2025-07-29 09:10:00,2025-07-29 12:30:00,9,12,Makassar,Thunderstorm,badai petir,31.2,84,1013,1.4,2025-07-29,6
2025-07-29,Selasa,Turkish Airlines,TK9366,Soekarno-Hatta International,CGK,Ngurah Rai International,DPS,2025-07-29 09:40:00,2025-07-29 12:35:00,9,12,Denpasar,Drizzle,gerimis,28.0,90,1013,4.2,2025-07-29,6
2025-07-29,Selasa,Vietnam Airlines,VN3794,Soekarno-Hatta International,CGK,Ngurah Rai International,DPS,2025-07-29 09:40:00,2025-07-29 12:35:00,9,12,Denpasar,Drizzle,gerimis,28.0,90,1013,4.2,2025-07-29,8
2025-07-29,Selasa,Etihad Airways,EY7110,Soekarno-Hatta International,CGK,Ngurah Rai International,DPS,2025-07-29 09:40:00,2025-07-29 12:35:00,9,12,Denpasar,Drizzle,gerimis,28.0,90,1013,4.2,2025-07-29,6
2025-07-29,Selasa,Air Europa,UX3552,Soekarno-Hatta International,CGK,Ngurah Rai International,DPS,2025-07-29 09:40:00,2025-07-29 12:35:00,9,12,Denpasar,Drizzle,gerimis,28.0,90,1013,4.2,2025-07-29,13
2025-07-29,Selasa,KLM,KL3971,Soekarno-Hatta International,CGK,Ngurah Rai International,DPS,2025-07-29 09:40:00,2025-07-29 12:35:00,9,12,Denpasar,Drizzle,gerimis,28.0,90,1013,4.2,2025-07-29,10
2025-07-29,Selasa,Batik Air,ID6899,Soekarno-Hatta International,CGK,Juanda,SUB,2025-07-29 11:10:00,2025-07-29 12:35:00,11,12,Surabaya,Clouds,berawan,26.3,71,1007,2.1,2025-07-29,69
2025-07-29,Selasa,Emirates,EK7255,Soekarno-Hatta International,CGK,Ngurah Rai International,DPS,2025-07-29 09:40:00,2025-07-29 12:35:00,9,12,Denpasar,Drizzle,gerimis,28.0,90,1013,4.2,2025-07-29,11
2025-07-29,Selasa,Saudia,SV6170,Soekarno-Hatta International,CGK,Ngurah Rai International,DPS,2025-07-29 09:40:00,2025-07-29 12:35:00,9,12,Denpasar,Drizzle,gerimis,28.0,90,1013,4.2,2025-07-29,9
2025-07-29,Selasa,Garuda Indonesia,GA404,Soekarno-Hatta International,CGK,Ngurah Rai International,DPS,2025-07-29 09:40:00,2025-07-29 12:35:00,9,12,Denpasar,Drizzle,gerimis,28.0,90,1013,4.2,2025-07-29,59
2025-07-29,Selasa,China Airlines,CI8614,Soekarno-Hatta International,CGK,Hasanudin,UPG,2025-07-29 09:10:00,2025-07-29 12:45:00,9,12,Makassar,Thunderstorm,badai petir,31.2,84,1013,1.4,2025-07-29,7
2025-07-29,Selasa,Etihad Airways,EY7139,Soekarno-Hatta International,CGK,Hasanudin,UPG,2025-07-29 09:10:00,2025-07-29 12:45:00,9,12,Makassar,Thunderstorm,badai petir,31.2,84,1013,1.4,2025-07-29,61
2025-07-29,Selasa,Garuda Indonesia,GA608,Soekarno-Hatta International,CGK,Hasanudin,UPG,2025-07-29 09:10:00,2025-07-29 12:45:00,9,12,Makassar,Thunderstorm,badai petir,31.2,84,1013,1.4,2025-07-29,8
2025-07-29,Selasa,Lion Air,JT774,Soekarno-Hatta International,CGK,Hasanudin,UPG,2025-07-29 10:00:00,2025-07-29 13:20:00,10,13,Makassar,Drizzle,gerimis,27.9,60,1015,3.2,2025-07-29,5
2025-07-29,Selasa,Lion Air,JT1740,Soekarno-Hatta International,CGK,Hasanudin,UPG,2025-07-29 10:00:00,2025-07-29 13:20:00,10,13,Makassar,Drizzle,gerimis,27.9,60,1015,3.2,2025-07-29,26
2025-07-29,Selasa,TransNusa,8B5106,Soekarno-Hatta International,CGK,Ngurah Rai International,DPS,2025-07-29 10:30:00,2025-07-29 13:20:00,10,13,Denpasar,Clear,cerah,25.7,88,1015,1.5,2025-07-29,8
2025-07-29,Selasa,Lion Air,JT1774,Soekarno-Hatta International,CGK,Hasanudin,UPG,2025-07-29 10:00:00,2025-07-29 13:20:00,10,13,Makassar,Drizzle,gerimis,27.9,60,1015,3.2,2025-07-29,25
2025-07-29,Selasa,Citilink,QG686,Soekarno-Hatta International,CGK,Ngurah Rai International,DPS,2025-07-29 10:30:00,2025-07-29 13:25:00,10,13,Denpasar,Clear,cerah,25.7,88,1015,1.5,2025-07-29,4
2025-07-29,Selasa,Super Air Jet,IU734,Soekarno-Hatta International,CGK,Ngurah Rai International,DPS,2025-07-29 10:40:00,2025-07-29 13:30:00,10,13,Denpasar,Clear,cerah,25.7,88,1015,1.5,2025-07-29,10
2025-07-29,Selasa,Pelita Air,IP354,Soekarno-Hatta International,CGK,Minangkabau International Airport,PDG,2025-07-29 12:00:00,2025-07-29 13:45:00,12,13,Padang,Clouds,berawan,31.9,76,1010,1.2,2025-07-29,4
2025-07-29,Selasa,Vietnam Airlines,VN3872,Soekarno-Hatta International,CGK,Juanda,SUB,2025-07-29 12:15:00,2025-07-29 13:55:00,12,13,Surabaya,Drizzle,gerimis,31.0,88,1010,1.1,2025-07-29,4
2025-07-29,Selasa,China Airlines,CI8604,Soekarno-Hatta International,CGK,Juanda,SUB,2025-07-29 12:15:00,2025-07-29 13:55:00,12,13,Surabaya,Drizzle,gerimis,31.0,88,1010,1.1,2025-07-29,4
2025-07-29,Selasa,Saudia,SV6149,Soekarno-Hatta International,CGK,Juanda,SUB,2025-07-29 12:15:00,2025-07-29 13:55:00,12,13,Surabaya,Drizzle,gerimis,31.0,88,1010,1.1,2025-07-29,7
2025-07-29,Selasa,Garuda Indonesia,GA312,Soekarno-Hatta International,CGK,Juanda,SUB,2025-07-29 12:15:00,2025-07-29 13:55:00,12,13,Surabaya,Drizzle,gerimis,31.0,88,1010,1.1,2025-07-29,4
2025-07-29,Selasa,KLM,KL4060,Soekarno-Hatta International,CGK,Juanda,SUB,2025-07-29 12:15:00,2025-07-29 13:55:00,12,13,Surabaya,Drizzle,gerimis,31.0,88,1010,1.1,2025-07-29,2
2025-07-29,Selasa,Pelita Air,IP208,Soekarno-Hatta International,CGK,Juanda,SUB,2025-07-29 12:35:00,2025-07-29 14:10:00,12,14,Surabaya,Drizzle,gerimis,31.0,88,1010,1.1,2025-07-29,50
2025-07-29,Selasa,Lion Air,JT22,Soekarno-Hatta International,CGK,Ngurah Rai International,DPS,2025-07-29 11:20:00,2025-07-29 14:10:00,11,14,Denpasar,Clear,cerah,25.7,88,1015,1.5,2025-07-29,62
2025-07-29,Selasa,Super Air Jet,IU810,Soekarno-Hatta International,CGK,Minangkabau International Airport,PDG,2025-07-29 12:35:00,2025-07-29 14:20:00,12,14,Padang,Clouds,berawan,29.7,87,1012,3.7,2025-07-29,99
2025-07-29,Selasa,Batik Air,ID6863,Soekarno-Hatta International,CGK,Juanda,SUB,2025-07-29 13:05:00,2025-07-29 14:30:00,13,14,Surabaya,Thunderstorm,badai petir,27.7,64,1015,4.4,2025-07-29,2
2025-07-29,Selasa,Batik Air,ID6406,Soekarno-Hatta International,CGK,Juanda,SUB,2025-07-29 13:05:00,2025-07-29 14:30:00,13,14,Surabaya,Thunderstorm,badai petir,27.7,64,1015,4.4,2025-07-29,20
2025-07-29,Selasa,Super Air Jet,IU758,Soekarno-Hatta International,CGK,Ngurah Rai International,DPS,2025-07-29 11:40:00,2025-07-29 14:30:00,11,14,Denpasar,Clouds,berawan,29.8,76,1009,4.4,2025-07-29,8
2025-07-29,Selasa,Saudia,SV6172,Soekarno-Hatta International,CGK,Ngurah Rai International,DPS,2025-07-29 11:40:00,2025-07-29 14:40:00,11,14,Denpasar,Clouds,berawan,29.8,76,1009,4.4,2025-07-29,4
2025-07-29,Selasa,Garuda Indonesia,GA408,Soekarno-Hatta International,CGK,Ngurah Rai International,DPS,2025-07-29 11:40:00,2025-07-29 14:40:00,11,14,Denpasar,Clouds,berawan,29.8,76,1009,4.4,2025-07-29,54
2025-07-29,Selasa,Pelita Air,IP802,Soekarno-Hatta International,CGK,Hasanudin,UPG,2025-07-29 11:30:00,2025-07-29 14:50:00,11,14,Makassar,Clear,cerah,28.6,87,1011,4.0,2025-07-29,7
2025-07-29,Selasa,Super Air Jet,IU742,Soekarno-Hatta International,CGK,Ngurah Rai International,DPS,2025-07-29 12:40:00,2025-07-29 15:30:00,12,15,Denpasar,Clouds,berawan,29.8,76,1009,4.4,2025-07-29,1
2025-07-29,Selasa,Vietnam Airlines,VN3282,Soekarno-Hatta International,CGK,Juanda,SUB,2025-07-29 14:00:00,2025-07-29 15:35:00,14,15,Surabaya,Thunderstorm,badai petir,27.7,64,1015,4.4,2025-07-29,6
2025-07-29,Selasa,Garuda Indonesia,GA310,Soekarno-Hatta International,CGK,Juanda,SUB,2025-07-29 14:00:00,2025-07-29 15:35:00,14,15,Surabaya,Thunderstorm,badai petir,27.7,64,1015,4.4,2025-07-29,3
2025-07-29,Selasa,Etihad Airways,EY8179,Soekarno-Hatta International,CGK,Juanda,SUB,2025-07-29 14:00:00,2025-07-29 15:35:00,14,15,Surabaya,Thunderstorm,badai petir,27.7,64,1015,4.4,2025-07-29,3
2025-07-29,Selasa,Saudia,SV6148,Soekarno-Hatta International,CGK,Juanda,SUB,2025-07-29 14:00:00,2025-07-29 15:35:00,14,15,Surabaya,Thunderstorm,badai petir,27.7,64,1015,4.4,2025-07-29,3
2025-07-29,Selasa,Lion Air,JT782,Soekarno-Hatta International,CGK,Hasanudin,UPG,2025-07-29 12:20:00,2025-07-29 15:40:00,12,15,Makassar,Clear,cerah,28.6,87,1011,4.0,2025-07-29,5
2025-07-29,Selasa,AirAsia,AK806,Soekarno-Hatta International,CGK,Ngurah Rai International,DPS,2025-07-29 12:45:00,2025-07-29 15:45:00,12,15,Denpasar,Clouds,berawan,29.8,76,1009,4.4,2025-07-29,5
2025-07-29,Selasa,Pelita Air,IP206,Soekarno-Hatta International,CGK,Juanda,SUB,2025-07-29 14:25:00,2025-07-29 15:55:00,14,15,Surabaya,Rain,hujan ringan,32.4,66,1006,3.0,2025-07-29,4
2025-07-29,Selasa,Lion Air,JT171,Soekarno-Hatta International,CGK,Juanda,SUB,2025-07-29 14:40:00,2025-07-29 16:05:00,14,16,Surabaya,Rain,hujan ringan,32.4,66,1006,3.0,2025-07-29,4
2025-07-29,Selasa,Lion Air,JT619,Soekarno-Hatta International,CGK,Juanda,SUB,2025-07-29 14:40:00,2025-07-29 16:05:00,14,16,Surabaya,Rain,hujan ringan,32.4,66,1006,3.0,2025-07-29,55
2025-07-29,Selasa,Lion Air,JT692,Soekarno-Hatta International,CGK,Juanda,SUB,2025-07-29 14:40:00,2025-07-29 16:05:00,14,16,Surabaya,Rain,hujan ringan,32.4,66,1006,3.0,2025-07-29,8
2025-07-29,Selasa,Super Air Jet,IU900,Soekarno-Hatta International,CGK,Minangkabau International Airport,PDG,2025-07-29 14:40:00,2025-07-29 16:25:00,14,16,Padang,Drizzle,gerimis,32.3,80,1011,2.4,2025-07-29,7
2025-07-29,Selasa,Saudia,SV6176,Soekarno-Hatta International,CGK,Ngurah Rai International,DPS,2025-07-29 13:30:00,2025-07-29 16:30:00,13,16,Denpasar,Thunderstorm,badai petir,27.0,69,1010,3.6,2025-07-29,4
2025-07-29,Selasa,Etihad Airways,EY8074,Soekarno-Hatta International,CGK,Minangkabau International Airport,PDG,2025-07-29 14:40:00,2025-07-29 16:30:00,14,16,Padang,Drizzle,gerimis,32.3,80,1011,2.4,2025-07-29,6
2025-07-29,Selasa,Garuda Indonesia,GA162,Soekarno-Hatta International,CGK,Minangkabau International Airport,PDG,2025-07-29 14:40:00,2025-07-29 16:30:00,14,16,Padang,Drizzle,gerimis,32.3,80,1011,2.4,2025-07-29,1
2025-07-29,Selasa,Vietnam Airlines,VN3278,Soekarno-Hatta International,CGK,Ngurah Rai International,DPS,2025-07-29 13:30:00,2025-07-29 16:30:00,13,16,Denpasar,Thunderstorm,badai petir,27.0,69,1010,3.6,2025-07-29,41
2025-07-29,Selasa,Garuda Indonesia,GA422,Soekarno-Hatta International,CGK,Ngurah Rai International,DPS,2025-07-29 13:30:00,2025-07-29 16:30:00,13,16,Denpasar,Thunderstorm,badai petir,27.0,69,1010,3.6,2025-07-29,3
2025-07-29,Selasa,Batik Air,ID6578,Soekarno-Hatta International,CGK,Juanda,SUB,2025-07-29 15:10:00,2025-07-29 16:35:00,15,16,Surabaya,Rain,hujan ringan,32.4,66,1006,3.0,2025-07-29,7
2025-07-29,Selasa,Vietnam Airlines,VN3928,Soekarno-Hatta International,CGK,Ngurah Rai International,DPS,2025-07-29 14:30:00,2025-07-29 17:25:00,14,17,Denpasar,Clear,cerah,26.9,90,1015,4.5,2025-07-29,1
2025-07-29,Selasa,KLM,KL4072,Soekarno-Hatta International,CGK,Ngurah Rai International,DPS,2025-07-29 14:30:00,2025-07-29 17:25:00,14,17,Denpasar,Clear,cerah,26.9,90,1015,4.5,2025-07-29,0
2025-07-29,Selasa,Etihad Airways,EY7113,Soekarno-Hatta International,CGK,Ngurah Rai International,DPS,2025-07-29 14:30:00,2025-07-29 17:25:00,14,17,Denpasar,Clear,cerah,26.9,90,1015,4.5,2025-07-29,52
2025-07-29,Selasa,Saudia,SV6173,Soekarno-Hatta International,CGK,Ngurah Rai International,DPS,2025-07-29 14:30:00,2025-07-29 17:25:00,14,17,Denpasar,Clear,cerah,26.9,90,1015,4.5,2025-07-29,5
2025-07-29,Selasa,Garuda Indonesia,GA410,Soekarno-Hatta International,CGK,Ngurah Rai International,DPS,2025-07-29 14:30:00,2025-07-29 17:25:00,14,17,Denpasar,Clear,cerah,26.9,90,1015,4.5,2025-07-29,77
2025-07-29,Selasa,Super Air Jet,IU736,Soekarno-Hatta International,CGK,Ngurah Rai International,DPS,2025-07-29 14:50:00,2025-07-29 17:40:00,14,17,Denpasar,Clear,cerah,26.9,90,1015,4.5,2025-07-29,11
2025-07-29,Selasa,Super Air Jet,IU816,Soekarno-Hatta International,CGK,Minangkabau International Airport,PDG,2025-07-29 16:00:00,2025-07-29 17:45:00,16,17,Padang,Rain,hujan ringan,30.7,85,1007,4.4,2025-07-29,7
2025-07-29,Selasa,Batik Air,ID6266,Soekarno-Hatta International,CGK,Hasanudin,UPG,2025-07-29 14:30:00,2025-07-29 17:50:00,14,17,Makassar,Clear,cerah,24.5,84,1014,4.8,2025-07-29,1
2025-07-29,Selasa,Garuda Indonesia,GA612,Soekarno-Hatta International,CGK,Hasanudin,UPG,2025-07-29 14:25:00,2025-07-29 18:00:00,14,18,Makassar,Clear,cerah,24.5,84,1014,4.8,2025-07-29,5
2025-07-29,Selasa,Pelita Air,IP356,Soekarno-Hatta International,CGK,Minangkabau International Airport,PDG,2025-07-29 16:20:00,2025-07-29 18:05:00,16,18,Padang,Rain,hujan ringan,30.7,85,1007,4.4,2025-07-29,0
2025-07-29,Selasa,Super Air Jet,IU754,Soekarno-Hatta International,CGK,Ngurah Rai International,DPS,2025-07-29 15:50:00,2025-07-29 18:40:00,15,18,Denpasar,Clear,cerah,26.9,90,1015,4.5,2025-07-29,7
2025-07-29,Selasa,Citilink,QG736,Soekarno-Hatta International,CGK,Juanda,SUB,2025-07-29 17:10:00,2025-07-29 18:50:00,17,18,Surabaya,Clear,cerah,32.1,63,1008,3.6,2025-07-29,4
2025-07-29,Selasa,Citilink,QG426,Soekarno-Hatta International,CGK,Hasanudin,UPG,2025-07-29 15:30:00,2025-07-29 18:55:00,15,18,Makassar,Drizzle,gerimis,31.8,78,1009,4.0,2025-07-29,7
2025-07-29,Selasa,Pelita Air,IP202,Soekarno-Hatta International,CGK,Juanda,SUB,2025-07-29 17:40:00,2025-07-29 19:05:00,17,19,Surabaya,Clear,cerah,32.1,63,1008,3.6,2025-07-29,10
2025-07-29,Selasa,Sriwijaya Air,SJ5980,Soekarno-Hatta International,CGK,Hasanudin,UPG,2025-07-29 15:45:00,2025-07-29 19:10:00,15,19,Makassar,Drizzle,gerimis,31.8,78,1009,4.0,2025-07-29,10
2025-07-29,Selasa,Garuda Indonesia,GA326,Soekarno-Hatta International,CGK,Juanda,SUB,2025-07-29 17:30:00,2025-07-29 19:10:00,17,19,Surabaya,Clear,cerah,32.1,63,1008,3.6,2025-07-29,5
2025-07-29,Selasa,Batik Air,ID6586,Soekarno-Hatta International,CGK,Juanda,SUB,2025-07-29 18:00:00,2025-07-29 19:25:00,18,19,Surabaya,Clear,cerah,32.1,63,1008,3.6,2025-07-29,7
2025-07-29,Selasa,Lion Air,JT772,Soekarno-Hatta International,CGK,Hasanudin,UPG,2025-07-29 16:15:00,2025-07-29 19:35:00,16,19,Makassar,Drizzle,gerimis,31.8,78,1009,4.0,2025-07-29,4
2025-07-29,Selasa,Lion Air,JT175,Soekarno-Hatta International,CGK,Hasanudin,UPG,2025-07-29 16:15:00,2025-07-29 19:35:00,16,19,Makassar,Drizzle,gerimis,31.8,78,1009,4.0,2025-07-29,6
2025-07-29,Selasa,Garuda Indonesia,GA164,Soekarno-Hatta International,CGK,Minangkabau International Airport,PDG,2025-07-29 17:50:00,2025-07-29 19:40:00,17,19,Padang,Drizzle,gerimis,26.5,68,1014,3.7,2025-07-29,0
2025-07-29,Selasa,Batik Air,ID6296,Soekarno-Hatta International,CGK,Hasanudin,UPG,2025-07-29 16:50:00,2025-07-29 20:10:00,16,20,Makassar,Drizzle,gerimis,31.8,78,1009,4.0,2025-07-29,3
2025-07-29,Selasa,Citilink,QG724,Soekarno-Hatta International,CGK,Juanda,SUB,2025-07-29 19:05:00,2025-07-29 20:40:00,19,20,Surabaya,Clear,cerah,31.1,85,1005,4.9,2025-07-29,46
2025-07-29,Selasa,Super Air Jet,IU744,Soekarno-Hatta International,CGK,Ngurah Rai International,DPS,2025-07-29 17:55:00,2025-07-29 20:45:00,17,20,Denpasar,Drizzle,gerimis,25.1,88,1005,4.6,2025-07-29,13
2025-07-29,Selasa,Pelita Air,IP104,Soekarno-Hatta International,CGK,Ngurah Rai International,DPS,2025-07-29 18:00:00,2025-07-29 20:55:00,18,20,Denpasar,Drizzle,gerimis,25.1,88,1005,4.6,2025-07-29,69
2025-07-29,Selasa,Sriwijaya Air,SJ580,Soekarno-Hatta International,CGK,Hasanudin,UPG,2025-07-29 17:50:00,2025-07-29 21:15:00,17,21,Makassar,Thunderstorm,badai petir,31.2,74,1009,1.6,2025-07-29,0
