Tanggal_Penerbangan,Hari,Maskapai,Nomor_Penerbangan,Bandara_Asal,Kode_IATA_Asal,Bandara_Tujuan,Kode_IATA_Tujuan,Jadwal_Keberangkatan,Jadwal_Kedatangan,Kota_tujuan,Cuaca_tujuan,Deskripsi_tujuan,Suhu_Celcius_tujuan,Kelembaban_%_tujuan,Tekanan_hPa_tujuan,Kecepatan_Angin_m/s_tujuan,Tanggal_tujuan
2025-07-28,Senin,Batik Air,ID6288,Soekarno-Hatta International,CGK,Hasanudin,UPG,10,210,Makassar,Drizzle,gerimis,27.5,66,1012,3.2,2025-07-28
2025-07-28,Senin,Sriwijaya Air,SJ592,Soekarno-Hatta International,CGK,Hasanudin,UPG,30,235,Makassar,Thunderstorm,badai petir,24.7,64,1006,2.7,2025-07-28
2025-07-28,Senin,Citilink,QG346,Soekarno-Hatta International,CGK,Hasanudin,UPG,70,270,Makassar,Thunderstorm,badai petir,24.7,64,1006,2.7,2025-07-28
2025-07-28,Senin,Lion Air,JT898,Soekarno-Hatta International,CGK,Hasanudin,UPG,90,290,Makassar,Thunderstorm,badai petir,24.7,64,1006,2.7,2025-07-28
2025-07-28,Senin,Lion Air,JT986,Soekarno-Hatta International,CGK,Hasanudin,UPG,90,290,Makassar,Thunderstorm,badai petir,24.7,64,1006,2.7,2025-07-28
2025-07-28,Senin,Lion Air,JT3896,Soekarno-Hatta International,CGK,Hasanudin,UPG,90,290,Makassar,Thunderstorm,badai petir,24.7,64,1006,2.7,2025-07-28
2025-07-28,Senin,Lion Air,JT868,Soekarno-Hatta International,CGK,Juanda,SUB,210,295,Surabaya,Clouds,berawan,24.1,87,1013,3.0,2025-07-28
2025-07-28,Senin,Lion Air,JT690,Soekarno-Hatta International,CGK,Juanda,SUB,210,295,Surabaya,Clouds,berawan,24.1,87,1013,3.0,2025-07-28
2025-07-28,Senin,Lion Air,JT748,Soekarno-Hatta International,CGK,Juanda,SUB,210,295,Surabaya,Clouds,berawan,24.1,87,1013,3.0,2025-07-28
2025-07-28,Senin,China Airlines,CI8612,Soekarno-Hatta International,CGK,Hasanudin,UPG,95,310,Makassar,Thunderstorm,badai petir,24.7,64,1006,2.7,2025-07-28
2025-07-28,Senin,Saudia,SV6193,Soekarno-Hatta International,CGK,Hasanudin,UPG,95,310,Makassar,Thunderstorm,badai petir,24.7,64,1006,2.7,2025-07-28
2025-07-28,Senin,Japan Airlines,JL8487,Soekarno-Hatta International,CGK,Hasanudin,UPG,95,310,Makassar,Thunderstorm,badai petir,24.7,64,1006,2.7,2025-07-28
2025-07-28,Senin,Malaysia Airlines,MH4042,Soekarno-Hatta International,CGK,Hasanudin,UPG,95,310,Makassar,Thunderstorm,badai petir,24.7,64,1006,2.7,2025-07-28
2025-07-28,Senin,Emirates,EK7302,Soekarno-Hatta International,CGK,Hasanudin,UPG,95,310,Makassar,Thunderstorm,badai petir,24.7,64,1006,2.7,2025-07-28
2025-07-28,Senin,Garuda Indonesia,GA604,Soekarno-Hatta International,CGK,Hasanudin,UPG,95,310,Makassar,Thunderstorm,badai petir,24.7,64,1006,2.7,2025-07-28
2025-07-28,Senin,Etihad Airways,EY7138,Soekarno-Hatta International,CGK,Hasanudin,UPG,95,310,Makassar,Thunderstorm,badai petir,24.7,64,1006,2.7,2025-07-28
2025-07-28,Senin,Citilink,QG344,Soekarno-Hatta International,CGK,Hasanudin,UPG,110,315,Makassar,Thunderstorm,badai petir,24.7,64,1006,2.7,2025-07-28
2025-07-28,Senin,Batik Air,ID6751,Soekarno-Hatta International,CGK,Hasanudin,UPG,140,345,Makassar,Mist,berkabut,30.0,66,1005,1.3,2025-07-28
2025-07-28,Senin,Batik Air,ID6370,Soekarno-Hatta International,CGK,Juanda,SUB,280,365,Surabaya,Thunderstorm,badai petir,29.1,74,1010,4.5,2025-07-28
2025-07-28,Senin,Super Air Jet,IU814,Soekarno-Hatta International,CGK,Minangkabau International Airport,PDG,330,435,Padang,Mist,berkabut,32.7,78,1008,2.1,2025-07-28
2025-07-28,Senin,Lion Air,JT2792,Soekarno-Hatta International,CGK,Hasanudin,UPG,240,440,Makassar,Rain,hujan ringan,32.0,84,1007,2.1,2025-07-28
2025-07-28,Senin,Lion Air,JT792,Soekarno-Hatta International,CGK,Hasanudin,UPG,240,440,Makassar,Rain,hujan ringan,32.0,84,1007,2.1,2025-07-28
2025-07-28,Senin,Lion Air,JT1852,Soekarno-Hatta International,CGK,Hasanudin,UPG,240,440,Makassar,Rain,hujan ringan,32.0,84,1007,2.1,2025-07-28
2025-07-28,Senin,Super Air Jet,IU730,Soekarno-Hatta International,CGK,Ngurah Rai International,DPS,270,440,Denpasar,Clear,cerah,33.7,62,1009,4.7,2025-07-28
2025-07-28,Senin,Citilink,QG712,Soekarno-Hatta International,CGK,Juanda,SUB,355,455,Surabaya,Clear,cerah,25.8,83,1006,3.5,2025-07-28
2025-07-28,Senin,Batik Air,ID6572,Soekarno-Hatta International,CGK,Juanda,SUB,375,460,Surabaya,Clear,cerah,25.8,83,1006,3.5,2025-07-28
2025-07-28,Senin,Emirates,EK3564,Soekarno-Hatta International,CGK,Juanda,SUB,375,460,Surabaya,Clear,cerah,25.8,83,1006,3.5,2025-07-28
2025-07-28,Senin,Citilink,QG680,Soekarno-Hatta International,CGK,Ngurah Rai International,DPS,305,480,Denpasar,Clear,cerah,33.7,62,1009,4.7,2025-07-28
2025-07-28,Senin,Super Air Jet,IU908,Soekarno-Hatta International,CGK,Minangkabau International Airport,PDG,390,495,Padang,Mist,berkabut,32.7,78,1008,2.1,2025-07-28
2025-07-28,Senin,Etihad Airways,EY8177,Soekarno-Hatta International,CGK,Juanda,SUB,410,505,Surabaya,Clear,cerah,24.7,79,1012,2.2,2025-07-28
2025-07-28,Senin,Saudia,SV6150,Soekarno-Hatta International,CGK,Juanda,SUB,410,505,Surabaya,Clear,cerah,24.7,79,1012,2.2,2025-07-28
2025-07-28,Senin,Emirates,EK7298,Soekarno-Hatta International,CGK,Juanda,SUB,410,505,Surabaya,Clear,cerah,24.7,79,1012,2.2,2025-07-28
2025-07-28,Senin,Philippine Airlines,PR3288,Soekarno-Hatta International,CGK,Juanda,SUB,410,505,Surabaya,Clear,cerah,24.7,79,1012,2.2,2025-07-28
2025-07-28,Senin,China Airlines,CI9668,Soekarno-Hatta International,CGK,Juanda,SUB,410,505,Surabaya,Clear,cerah,24.7,79,1012,2.2,2025-07-28
2025-07-28,Senin,Garuda Indonesia,GA304,Soekarno-Hatta International,CGK,Juanda,SUB,410,505,Surabaya,Clear,cerah,24.7,79,1012,2.2,2025-07-28
2025-07-28,Senin,Vietnam Airlines,VN3884,Soekarno-Hatta International,CGK,Juanda,SUB,410,505,Surabaya,Clear,cerah,24.7,79,1012,2.2,2025-07-28
2025-07-28,Senin,Pelita Air,IP200,Soekarno-Hatta International,CGK,Juanda,SUB,415,510,Surabaya,Clear,cerah,24.7,79,1012,2.2,2025-07-28
2025-07-28,Senin,Citilink,QG212,Soekarno-Hatta International,CGK,Hasanudin,UPG,310,515,Makassar,Clear,cerah,25.2,78,1010,3.1,2025-07-28
2025-07-28,Senin,Citilink,QG952,Soekarno-Hatta International,CGK,Minangkabau International Airport,PDG,420,535,Padang,Mist,berkabut,28.7,86,1006,1.9,2025-07-28
2025-07-28,Senin,AirAsia,AK802,Soekarno-Hatta International,CGK,Ngurah Rai International,DPS,380,550,Denpasar,Mist,berkabut,31.2,86,1008,3.7,2025-07-28
2025-07-28,Senin,Batik Air,ID6554,Soekarno-Hatta International,CGK,Hasanudin,UPG,360,560,Makassar,Clear,cerah,25.2,78,1010,3.1,2025-07-28
2025-07-28,Senin,Batik Air,ID6236,Soekarno-Hatta International,CGK,Hasanudin,UPG,360,560,Makassar,Clear,cerah,25.2,78,1010,3.1,2025-07-28
2025-07-28,Senin,Super Air Jet,IU756,Soekarno-Hatta International,CGK,Ngurah Rai International,DPS,390,560,Denpasar,Mist,berkabut,31.2,86,1008,3.7,2025-07-28
2025-07-28,Senin,Super Air Jet,IU812,Soekarno-Hatta International,CGK,Minangkabau International Airport,PDG,460,565,Padang,Mist,berkabut,28.7,86,1006,1.9,2025-07-28
2025-07-28,Senin,TransNusa,8B5104,Soekarno-Hatta International,CGK,Ngurah Rai International,DPS,405,570,Denpasar,Mist,berkabut,31.2,86,1008,3.7,2025-07-28
2025-07-28,Senin,Batik Air,ID6584,Soekarno-Hatta International,CGK,Juanda,SUB,490,575,Surabaya,Clear,cerah,24.7,79,1012,2.2,2025-07-28
2025-07-28,Senin,Citilink,QG722,Soekarno-Hatta International,CGK,Juanda,SUB,490,590,Surabaya,Thunderstorm,badai petir,24.0,75,1014,1.8,2025-07-28
2025-07-28,Senin,Pelita Air,IP210,Soekarno-Hatta International,CGK,Juanda,SUB,505,595,Surabaya,Thunderstorm,badai petir,24.0,75,1014,1.8,2025-07-28
2025-07-28,Senin,Turkish Airlines,TK9364,Soekarno-Hatta International,CGK,Ngurah Rai International,DPS,425,610,Denpasar,Clear,cerah,27.5,74,1006,3.1,2025-07-28
2025-07-28,Senin,Philippine Airlines,PR3284,Soekarno-Hatta International,CGK,Ngurah Rai International,DPS,425,610,Denpasar,Clear,cerah,27.5,74,1006,3.1,2025-07-28
2025-07-28,Senin,Vietnam Airlines,VN3792,Soekarno-Hatta International,CGK,Ngurah Rai International,DPS,425,610,Denpasar,Clear,cerah,27.5,74,1006,3.1,2025-07-28
2025-07-28,Senin,Etihad Airways,EY7105,Soekarno-Hatta International,CGK,Ngurah Rai International,DPS,425,610,Denpasar,Clear,cerah,27.5,74,1006,3.1,2025-07-28
2025-07-28,Senin,Emirates,EK7253,Soekarno-Hatta International,CGK,Ngurah Rai International,DPS,425,610,Denpasar,Clear,cerah,27.5,74,1006,3.1,2025-07-28
2025-07-28,Senin,Garuda Indonesia,GA402,Soekarno-Hatta International,CGK,Ngurah Rai International,DPS,425,610,Denpasar,Clear,cerah,27.5,74,1006,3.1,2025-07-28
2025-07-28,Senin,Japan Airlines,JL6915,Soekarno-Hatta International,CGK,Ngurah Rai International,DPS,425,610,Denpasar,Clear,cerah,27.5,74,1006,3.1,2025-07-28
2025-07-28,Senin,Super Air Jet,IU250,Soekarno-Hatta International,CGK,Hasanudin,UPG,420,620,Makassar,Clouds,berawan,24.6,78,1010,2.0,2025-07-28
2025-07-28,Senin,China Airlines,CI9782,Soekarno-Hatta International,CGK,Juanda,SUB,525,625,Surabaya,Thunderstorm,badai petir,24.0,75,1014,1.8,2025-07-28
2025-07-28,Senin,Philippine Airlines,PR3278,Soekarno-Hatta International,CGK,Juanda,SUB,525,625,Surabaya,Thunderstorm,badai petir,24.0,75,1014,1.8,2025-07-28
2025-07-28,Senin,Vietnam Airlines,VN3876,Soekarno-Hatta International,CGK,Juanda,SUB,525,625,Surabaya,Thunderstorm,badai petir,24.0,75,1014,1.8,2025-07-28
2025-07-28,Senin,KLM,KL4054,Soekarno-Hatta International,CGK,Juanda,SUB,525,625,Surabaya,Thunderstorm,badai petir,24.0,75,1014,1.8,2025-07-28
2025-07-28,Senin,Lion Air,JT241,Soekarno-Hatta International,CGK,Juanda,SUB,540,625,Surabaya,Thunderstorm,badai petir,24.0,75,1014,1.8,2025-07-28
2025-07-28,Senin,Malaysia Airlines,MH4018,Soekarno-Hatta International,CGK,Juanda,SUB,525,625,Surabaya,Thunderstorm,badai petir,24.0,75,1014,1.8,2025-07-28
2025-07-28,Senin,Lion Air,JT694,Soekarno-Hatta International,CGK,Juanda,SUB,540,625,Surabaya,Thunderstorm,badai petir,24.0,75,1014,1.8,2025-07-28
2025-07-28,Senin,Garuda Indonesia,GA322,Soekarno-Hatta International,CGK,Juanda,SUB,525,625,Surabaya,Thunderstorm,badai petir,24.0,75,1014,1.8,2025-07-28
2025-07-28,Senin,Super Air Jet,IU740,Soekarno-Hatta International,CGK,Ngurah Rai International,DPS,460,630,Denpasar,Clear,cerah,27.5,74,1006,3.1,2025-07-28
2025-07-28,Senin,China Airlines,CI8616,Soekarno-Hatta International,CGK,Hasanudin,UPG,415,630,Makassar,Clouds,berawan,24.6,78,1010,2.0,2025-07-28
2025-07-28,Senin,Etihad Airways,EY8091,Soekarno-Hatta International,CGK,Hasanudin,UPG,415,630,Makassar,Clouds,berawan,24.6,78,1010,2.0,2025-07-28
2025-07-28,Senin,Garuda Indonesia,GA610,Soekarno-Hatta International,CGK,Hasanudin,UPG,415,630,Makassar,Clouds,berawan,24.6,78,1010,2.0,2025-07-28
2025-07-28,Senin,Citilink,QG682,Soekarno-Hatta International,CGK,Ngurah Rai International,DPS,480,655,Denpasar,Clear,cerah,27.5,74,1006,3.1,2025-07-28
2025-07-28,Senin,Emirates,EK7258,Soekarno-Hatta International,CGK,Minangkabau International Airport,PDG,565,675,Padang,Thunderstorm,badai petir,27.4,79,1005,4.0,2025-07-28
2025-07-28,Senin,Etihad Airways,EY7108,Soekarno-Hatta International,CGK,Minangkabau International Airport,PDG,565,675,Padang,Thunderstorm,badai petir,27.4,79,1005,4.0,2025-07-28
2025-07-28,Senin,Japan Airlines,JL8475,Soekarno-Hatta International,CGK,Minangkabau International Airport,PDG,565,675,Padang,Thunderstorm,badai petir,27.4,79,1005,4.0,2025-07-28
2025-07-28,Senin,Garuda Indonesia,GA148,Soekarno-Hatta International,CGK,Minangkabau International Airport,PDG,565,675,Padang,Thunderstorm,badai petir,27.4,79,1005,4.0,2025-07-28
2025-07-28,Senin,Lion Air,JT854,Soekarno-Hatta International,CGK,Hasanudin,UPG,480,680,Makassar,Drizzle,gerimis,33.8,64,1005,1.0,2025-07-28
2025-07-28,Senin,Super Air Jet,IU902,Soekarno-Hatta International,CGK,Minangkabau International Airport,PDG,575,680,Padang,Rain,hujan ringan,31.5,84,1012,1.6,2025-07-28
2025-07-28,Senin,Lion Air,JT2778,Soekarno-Hatta International,CGK,Hasanudin,UPG,480,680,Makassar,Drizzle,gerimis,33.8,64,1005,1.0,2025-07-28
2025-07-28,Senin,Lion Air,JT892,Soekarno-Hatta International,CGK,Hasanudin,UPG,480,680,Makassar,Drizzle,gerimis,33.8,64,1005,1.0,2025-07-28
2025-07-28,Senin,Lion Air,JT992,Soekarno-Hatta International,CGK,Hasanudin,UPG,480,680,Makassar,Drizzle,gerimis,33.8,64,1005,1.0,2025-07-28
2025-07-28,Senin,Lion Air,JT1994,Soekarno-Hatta International,CGK,Hasanudin,UPG,480,680,Makassar,Drizzle,gerimis,33.8,64,1005,1.0,2025-07-28
2025-07-28,Senin,Batik Air,ID6582,Soekarno-Hatta International,CGK,Juanda,SUB,615,700,Surabaya,Clear,cerah,29.6,89,1015,4.7,2025-07-28
2025-07-28,Senin,Pelita Air,IP102,Soekarno-Hatta International,CGK,Ngurah Rai International,DPS,550,720,Denpasar,Thunderstorm,badai petir,32.0,62,1008,2.2,2025-07-28
2025-07-28,Senin,Pelita Air,IP204,Soekarno-Hatta International,CGK,Juanda,SUB,640,735,Surabaya,Clear,cerah,29.6,89,1015,4.7,2025-07-28
2025-07-28,Senin,Batik Air,ID6762,Soekarno-Hatta International,CGK,Hasanudin,UPG,550,750,Makassar,Drizzle,gerimis,33.8,64,1005,1.0,2025-07-28
2025-07-28,Senin,Batik Air,ID6292,Soekarno-Hatta International,CGK,Hasanudin,UPG,550,750,Makassar,Drizzle,gerimis,33.8,64,1005,1.0,2025-07-28
2025-07-28,Senin,Super Air Jet,IU752,Soekarno-Hatta International,CGK,Ngurah Rai International,DPS,580,750,Denpasar,Thunderstorm,badai petir,32.0,62,1008,2.2,2025-07-28
2025-07-28,Senin,Vietnam Airlines,VN3794,Soekarno-Hatta International,CGK,Ngurah Rai International,DPS,580,755,Denpasar,Thunderstorm,badai petir,32.0,62,1008,2.2,2025-07-28
2025-07-28,Senin,Garuda Indonesia,GA404,Soekarno-Hatta International,CGK,Ngurah Rai International,DPS,580,755,Denpasar,Thunderstorm,badai petir,32.0,62,1008,2.2,2025-07-28
2025-07-28,Senin,Saudia,SV6170,Soekarno-Hatta International,CGK,Ngurah Rai International,DPS,580,755,Denpasar,Thunderstorm,badai petir,32.0,62,1008,2.2,2025-07-28
2025-07-28,Senin,Batik Air,ID6596,Soekarno-Hatta International,CGK,Juanda,SUB,670,755,Surabaya,Clear,cerah,29.6,89,1015,4.7,2025-07-28
2025-07-28,Senin,Turkish Airlines,TK9366,Soekarno-Hatta International,CGK,Ngurah Rai International,DPS,580,755,Denpasar,Thunderstorm,badai petir,32.0,62,1008,2.2,2025-07-28
2025-07-28,Senin,KLM,KL3971,Soekarno-Hatta International,CGK,Ngurah Rai International,DPS,580,755,Denpasar,Thunderstorm,badai petir,32.0,62,1008,2.2,2025-07-28
2025-07-28,Senin,Etihad Airways,EY7110,Soekarno-Hatta International,CGK,Ngurah Rai International,DPS,580,755,Denpasar,Thunderstorm,badai petir,32.0,62,1008,2.2,2025-07-28
2025-07-28,Senin,Air Europa,UX3552,Soekarno-Hatta International,CGK,Ngurah Rai International,DPS,580,755,Denpasar,Thunderstorm,badai petir,32.0,62,1008,2.2,2025-07-28
2025-07-28,Senin,Emirates,EK7255,Soekarno-Hatta International,CGK,Ngurah Rai International,DPS,580,755,Denpasar,Thunderstorm,badai petir,32.0,62,1008,2.2,2025-07-28
2025-07-28,Senin,Super Air Jet,IU810,Soekarno-Hatta International,CGK,Minangkabau International Airport,PDG,690,795,Padang,Clouds,berawan,25.5,90,1014,4.3,2025-07-28
2025-07-28,Senin,TransNusa,8B5106,Soekarno-Hatta International,CGK,Ngurah Rai International,DPS,630,800,Denpasar,Clear,cerah,29.0,88,1014,2.3,2025-07-28
2025-07-28,Senin,Citilink,QG962,Soekarno-Hatta International,CGK,Minangkabau International Airport,PDG,695,800,Padang,Clouds,berawan,25.5,90,1014,4.3,2025-07-28
2025-07-28,Senin,Lion Air,JT774,Soekarno-Hatta International,CGK,Hasanudin,UPG,600,800,Makassar,Clear,cerah,31.6,79,1011,2.2,2025-07-28
2025-07-28,Senin,Lion Air,JT1740,Soekarno-Hatta International,CGK,Hasanudin,UPG,600,800,Makassar,Clear,cerah,31.6,79,1011,2.2,2025-07-28
2025-07-28,Senin,Lion Air,JT1774,Soekarno-Hatta International,CGK,Hasanudin,UPG,600,800,Makassar,Clear,cerah,31.6,79,1011,2.2,2025-07-28
2025-07-28,Senin,Citilink,QG716,Soekarno-Hatta International,CGK,Juanda,SUB,705,805,Surabaya,Drizzle,gerimis,33.7,82,1014,1.7,2025-07-28
2025-07-28,Senin,Citilink,QG686,Soekarno-Hatta International,CGK,Ngurah Rai International,DPS,630,805,Denpasar,Clear,cerah,29.0,88,1014,2.3,2025-07-28
2025-07-28,Senin,Batik Air,ID8050,Soekarno-Hatta International,CGK,Ngurah Rai International,DPS,640,810,Denpasar,Clear,cerah,29.0,88,1014,2.3,2025-07-28
2025-07-28,Senin,Super Air Jet,IU734,Soekarno-Hatta International,CGK,Ngurah Rai International,DPS,640,810,Denpasar,Clear,cerah,29.0,88,1014,2.3,2025-07-28
2025-07-28,Senin,Pelita Air,IP354,Soekarno-Hatta International,CGK,Minangkabau International Airport,PDG,720,825,Padang,Clouds,berawan,25.5,90,1014,4.3,2025-07-28
2025-07-28,Senin,Saudia,SV6149,Soekarno-Hatta International,CGK,Juanda,SUB,735,835,Surabaya,Drizzle,gerimis,33.7,82,1014,1.7,2025-07-28
2025-07-28,Senin,Malaysia Airlines,MH4031,Soekarno-Hatta International,CGK,Juanda,SUB,735,835,Surabaya,Drizzle,gerimis,33.7,82,1014,1.7,2025-07-28
2025-07-28,Senin,KLM,KL4060,Soekarno-Hatta International,CGK,Juanda,SUB,735,835,Surabaya,Drizzle,gerimis,33.7,82,1014,1.7,2025-07-28
2025-07-28,Senin,Vietnam Airlines,VN3872,Soekarno-Hatta International,CGK,Juanda,SUB,735,835,Surabaya,Drizzle,gerimis,33.7,82,1014,1.7,2025-07-28
2025-07-28,Senin,Emirates,EK7312,Soekarno-Hatta International,CGK,Juanda,SUB,735,835,Surabaya,Drizzle,gerimis,33.7,82,1014,1.7,2025-07-28
2025-07-28,Senin,Garuda Indonesia,GA312,Soekarno-Hatta International,CGK,Juanda,SUB,735,835,Surabaya,Drizzle,gerimis,33.7,82,1014,1.7,2025-07-28
2025-07-28,Senin,Etihad Airways,EY8130,Soekarno-Hatta International,CGK,Juanda,SUB,735,835,Surabaya,Drizzle,gerimis,33.7,82,1014,1.7,2025-07-28
2025-07-28,Senin,China Airlines,CI8604,Soekarno-Hatta International,CGK,Juanda,SUB,735,835,Surabaya,Drizzle,gerimis,33.7,82,1014,1.7,2025-07-28
2025-07-28,Senin,Pelita Air,IP208,Soekarno-Hatta International,CGK,Juanda,SUB,755,850,Surabaya,Drizzle,gerimis,33.7,82,1014,1.7,2025-07-28
2025-07-28,Senin,Lion Air,JT22,Soekarno-Hatta International,CGK,Ngurah Rai International,DPS,680,850,Denpasar,Clear,cerah,29.0,88,1014,2.3,2025-07-28
2025-07-28,Senin,Batik Air,ID6406,Soekarno-Hatta International,CGK,Juanda,SUB,785,870,Surabaya,Thunderstorm,badai petir,29.1,70,1008,4.8,2025-07-28
2025-07-28,Senin,Super Air Jet,IU758,Soekarno-Hatta International,CGK,Ngurah Rai International,DPS,700,870,Denpasar,Thunderstorm,badai petir,25.6,77,1014,4.1,2025-07-28
2025-07-28,Senin,Batik Air,ID6863,Soekarno-Hatta International,CGK,Juanda,SUB,785,870,Surabaya,Thunderstorm,badai petir,29.1,70,1008,4.8,2025-07-28
2025-07-28,Senin,TransNusa,8B5102,Soekarno-Hatta International,CGK,Ngurah Rai International,DPS,705,875,Denpasar,Thunderstorm,badai petir,25.6,77,1014,4.1,2025-07-28
2025-07-28,Senin,Saudia,SV6172,Soekarno-Hatta International,CGK,Ngurah Rai International,DPS,700,880,Denpasar,Thunderstorm,badai petir,25.6,77,1014,4.1,2025-07-28
2025-07-28,Senin,Vietnam Airlines,VN3990,Soekarno-Hatta International,CGK,Ngurah Rai International,DPS,700,880,Denpasar,Thunderstorm,badai petir,25.6,77,1014,4.1,2025-07-28
2025-07-28,Senin,KLM,KL4028,Soekarno-Hatta International,CGK,Ngurah Rai International,DPS,700,880,Denpasar,Thunderstorm,badai petir,25.6,77,1014,4.1,2025-07-28
2025-07-28,Senin,Emirates,EK7294,Soekarno-Hatta International,CGK,Ngurah Rai International,DPS,700,880,Denpasar,Thunderstorm,badai petir,25.6,77,1014,4.1,2025-07-28
2025-07-28,Senin,Garuda Indonesia,GA408,Soekarno-Hatta International,CGK,Ngurah Rai International,DPS,700,880,Denpasar,Thunderstorm,badai petir,25.6,77,1014,4.1,2025-07-28
2025-07-28,Senin,Etihad Airways,EY7111,Soekarno-Hatta International,CGK,Ngurah Rai International,DPS,700,880,Denpasar,Thunderstorm,badai petir,25.6,77,1014,4.1,2025-07-28
2025-07-28,Senin,Air Europa,UX3551,Soekarno-Hatta International,CGK,Ngurah Rai International,DPS,700,880,Denpasar,Thunderstorm,badai petir,25.6,77,1014,4.1,2025-07-28
2025-07-28,Senin,Pelita Air,IP802,Soekarno-Hatta International,CGK,Hasanudin,UPG,690,890,Makassar,Clouds,berawan,26.3,61,1005,1.1,2025-07-28
2025-07-28,Senin,AirAsia,AK814,Soekarno-Hatta International,CGK,Ngurah Rai International,DPS,715,890,Denpasar,Thunderstorm,badai petir,25.6,77,1014,4.1,2025-07-28
2025-07-28,Senin,Pelita Air,IP108,Soekarno-Hatta International,CGK,Ngurah Rai International,DPS,725,895,Denpasar,Thunderstorm,badai petir,25.6,77,1014,4.1,2025-07-28
2025-07-28,Senin,Super Air Jet,IU742,Soekarno-Hatta International,CGK,Ngurah Rai International,DPS,760,930,Denpasar,Thunderstorm,badai petir,25.6,77,1014,4.1,2025-07-28
2025-07-28,Senin,KLM,KL4032,Soekarno-Hatta International,CGK,Juanda,SUB,840,935,Surabaya,Thunderstorm,badai petir,29.1,70,1008,4.8,2025-07-28
2025-07-28,Senin,Saudia,SV6148,Soekarno-Hatta International,CGK,Juanda,SUB,840,935,Surabaya,Thunderstorm,badai petir,29.1,70,1008,4.8,2025-07-28
2025-07-28,Senin,Malaysia Airlines,MH4040,Soekarno-Hatta International,CGK,Juanda,SUB,840,935,Surabaya,Thunderstorm,badai petir,29.1,70,1008,4.8,2025-07-28
2025-07-28,Senin,Emirates,EK7262,Soekarno-Hatta International,CGK,Juanda,SUB,840,935,Surabaya,Thunderstorm,badai petir,29.1,70,1008,4.8,2025-07-28
2025-07-28,Senin,Garuda Indonesia,GA310,Soekarno-Hatta International,CGK,Juanda,SUB,840,935,Surabaya,Thunderstorm,badai petir,29.1,70,1008,4.8,2025-07-28
2025-07-28,Senin,Lion Air,JT782,Soekarno-Hatta International,CGK,Hasanudin,UPG,740,940,Makassar,Clouds,berawan,26.3,61,1005,1.1,2025-07-28
2025-07-28,Senin,AirAsia,AK806,Soekarno-Hatta International,CGK,Ngurah Rai International,DPS,765,945,Denpasar,Thunderstorm,badai petir,25.6,77,1014,4.1,2025-07-28
2025-07-28,Senin,Pelita Air,IP206,Soekarno-Hatta International,CGK,Juanda,SUB,865,955,Surabaya,Drizzle,gerimis,30.2,78,1010,3.5,2025-07-28
2025-07-28,Senin,Lion Air,JT619,Soekarno-Hatta International,CGK,Juanda,SUB,880,965,Surabaya,Drizzle,gerimis,30.2,78,1010,3.5,2025-07-28
2025-07-28,Senin,Lion Air,JT692,Soekarno-Hatta International,CGK,Juanda,SUB,880,965,Surabaya,Drizzle,gerimis,30.2,78,1010,3.5,2025-07-28
2025-07-28,Senin,Lion Air,JT171,Soekarno-Hatta International,CGK,Juanda,SUB,880,965,Surabaya,Drizzle,gerimis,30.2,78,1010,3.5,2025-07-28
2025-07-28,Senin,Super Air Jet,IU900,Soekarno-Hatta International,CGK,Minangkabau International Airport,PDG,880,985,Padang,Drizzle,gerimis,26.7,77,1005,4.2,2025-07-28
2025-07-28,Senin,Saudia,SV6176,Soekarno-Hatta International,CGK,Ngurah Rai International,DPS,810,990,Denpasar,Thunderstorm,badai petir,27.1,87,1015,1.2,2025-07-28
2025-07-28,Senin,Garuda Indonesia,GA422,Soekarno-Hatta International,CGK,Ngurah Rai International,DPS,810,990,Denpasar,Thunderstorm,badai petir,27.1,87,1015,1.2,2025-07-28
2025-07-28,Senin,Vietnam Airlines,VN3278,Soekarno-Hatta International,CGK,Ngurah Rai International,DPS,810,990,Denpasar,Thunderstorm,badai petir,27.1,87,1015,1.2,2025-07-28
2025-07-28,Senin,Etihad Airways,EY8074,Soekarno-Hatta International,CGK,Minangkabau International Airport,PDG,880,990,Padang,Drizzle,gerimis,26.7,77,1005,4.2,2025-07-28
2025-07-28,Senin,Aeromexico,AM7409,Soekarno-Hatta International,CGK,Ngurah Rai International,DPS,810,990,Denpasar,Thunderstorm,badai petir,27.1,87,1015,1.2,2025-07-28
2025-07-28,Senin,Etihad Airways,EY8161,Soekarno-Hatta International,CGK,Ngurah Rai International,DPS,810,990,Denpasar,Thunderstorm,badai petir,27.1,87,1015,1.2,2025-07-28
2025-07-28,Senin,Garuda Indonesia,GA162,Soekarno-Hatta International,CGK,Minangkabau International Airport,PDG,880,990,Padang,Drizzle,gerimis,26.7,77,1005,4.2,2025-07-28
2025-07-28,Senin,Saudia,SV6173,Soekarno-Hatta International,CGK,Ngurah Rai International,DPS,870,1045,Denpasar,Mist,berkabut,28.2,79,1007,4.4,2025-07-28
2025-07-28,Senin,KLM,KL4072,Soekarno-Hatta International,CGK,Ngurah Rai International,DPS,870,1045,Denpasar,Mist,berkabut,28.2,79,1007,4.4,2025-07-28
2025-07-28,Senin,Vietnam Airlines,VN3928,Soekarno-Hatta International,CGK,Ngurah Rai International,DPS,870,1045,Denpasar,Mist,berkabut,28.2,79,1007,4.4,2025-07-28
2025-07-28,Senin,Etihad Airways,EY7113,Soekarno-Hatta International,CGK,Ngurah Rai International,DPS,870,1045,Denpasar,Mist,berkabut,28.2,79,1007,4.4,2025-07-28
2025-07-28,Senin,Garuda Indonesia,GA410,Soekarno-Hatta International,CGK,Ngurah Rai International,DPS,870,1045,Denpasar,Mist,berkabut,28.2,79,1007,4.4,2025-07-28
2025-07-28,Senin,Saudia,SV6153,Soekarno-Hatta International,CGK,Juanda,SUB,960,1060,Surabaya,Mist,berkabut,31.4,88,1015,2.7,2025-07-28
2025-07-28,Senin,Oman Air,WY5787,Soekarno-Hatta International,CGK,Juanda,SUB,960,1060,Surabaya,Mist,berkabut,31.4,88,1015,2.7,2025-07-28
2025-07-28,Senin,Etihad Airways,EY7121,Soekarno-Hatta International,CGK,Juanda,SUB,960,1060,Surabaya,Mist,berkabut,31.4,88,1015,2.7,2025-07-28
2025-07-28,Senin,China Airlines,CI9774,Soekarno-Hatta International,CGK,Juanda,SUB,960,1060,Surabaya,Mist,berkabut,31.4,88,1015,2.7,2025-07-28
2025-07-28,Senin,Malaysia Airlines,MH5772,Soekarno-Hatta International,CGK,Juanda,SUB,960,1060,Surabaya,Mist,berkabut,31.4,88,1015,2.7,2025-07-28
2025-07-28,Senin,Vietnam Airlines,VN3958,Soekarno-Hatta International,CGK,Juanda,SUB,960,1060,Surabaya,Mist,berkabut,31.4,88,1015,2.7,2025-07-28
2025-07-28,Senin,Garuda Indonesia,GA320,Soekarno-Hatta International,CGK,Juanda,SUB,960,1060,Surabaya,Mist,berkabut,31.4,88,1015,2.7,2025-07-28
2025-07-28,Senin,Super Air Jet,IU736,Soekarno-Hatta International,CGK,Ngurah Rai International,DPS,890,1060,Denpasar,Mist,berkabut,28.2,79,1007,4.4,2025-07-28
2025-07-28,Senin,Batik Air,ID6266,Soekarno-Hatta International,CGK,Hasanudin,UPG,870,1070,Makassar,Drizzle,gerimis,28.2,60,1006,3.4,2025-07-28
2025-07-28,Senin,Garuda Indonesia,GA612,Soekarno-Hatta International,CGK,Hasanudin,UPG,865,1080,Makassar,Drizzle,gerimis,28.2,60,1006,3.4,2025-07-28
2025-07-28,Senin,Saudia,SV6185,Soekarno-Hatta International,CGK,Hasanudin,UPG,865,1080,Makassar,Drizzle,gerimis,28.2,60,1006,3.4,2025-07-28
2025-07-28,Senin,Etihad Airways,EY8185,Soekarno-Hatta International,CGK,Hasanudin,UPG,865,1080,Makassar,Drizzle,gerimis,28.2,60,1006,3.4,2025-07-28
2025-07-28,Senin,Pelita Air,IP356,Soekarno-Hatta International,CGK,Minangkabau International Airport,PDG,980,1085,Padang,Mist,berkabut,28.2,83,1012,4.5,2025-07-28
2025-07-28,Senin,Citilink,QG688,Soekarno-Hatta International,CGK,Ngurah Rai International,DPS,920,1095,Denpasar,Mist,berkabut,28.2,79,1007,4.4,2025-07-28
2025-07-28,Senin,Vietnam Airlines,VN3926,Soekarno-Hatta International,CGK,Ngurah Rai International,DPS,930,1105,Denpasar,Mist,berkabut,28.2,79,1007,4.4,2025-07-28
2025-07-28,Senin,Garuda Indonesia,GA414,Soekarno-Hatta International,CGK,Ngurah Rai International,DPS,930,1105,Denpasar,Mist,berkabut,28.2,79,1007,4.4,2025-07-28
2025-07-28,Senin,Turkish Airlines,TK9368,Soekarno-Hatta International,CGK,Ngurah Rai International,DPS,930,1105,Denpasar,Mist,berkabut,28.2,79,1007,4.4,2025-07-28
2025-07-28,Senin,Batik Air,ID6576,Soekarno-Hatta International,CGK,Juanda,SUB,1020,1105,Surabaya,Mist,berkabut,31.4,88,1015,2.7,2025-07-28
2025-07-28,Senin,Super Air Jet,IU754,Soekarno-Hatta International,CGK,Ngurah Rai International,DPS,950,1120,Denpasar,Mist,berkabut,28.2,79,1007,4.4,2025-07-28
2025-07-28,Senin,Super Air Jet,IU904,Soekarno-Hatta International,CGK,Minangkabau International Airport,PDG,1020,1125,Padang,Mist,berkabut,28.2,83,1012,4.5,2025-07-28
2025-07-28,Senin,Citilink,QG736,Soekarno-Hatta International,CGK,Juanda,SUB,1030,1130,Surabaya,Drizzle,gerimis,30.5,79,1005,1.9,2025-07-28
2025-07-28,Senin,Pelita Air,IP202,Soekarno-Hatta International,CGK,Juanda,SUB,1060,1145,Surabaya,Drizzle,gerimis,30.5,79,1005,1.9,2025-07-28
2025-07-28,Senin,Vietnam Airlines,VN3902,Soekarno-Hatta International,CGK,Juanda,SUB,1050,1150,Surabaya,Drizzle,gerimis,30.5,79,1005,1.9,2025-07-28
2025-07-28,Senin,Garuda Indonesia,GA326,Soekarno-Hatta International,CGK,Juanda,SUB,1050,1150,Surabaya,Drizzle,gerimis,30.5,79,1005,1.9,2025-07-28
2025-07-28,Senin,China Airlines,CI9684,Soekarno-Hatta International,CGK,Juanda,SUB,1050,1150,Surabaya,Drizzle,gerimis,30.5,79,1005,1.9,2025-07-28
2025-07-28,Senin,Malaysia Airlines,MH5774,Soekarno-Hatta International,CGK,Juanda,SUB,1050,1150,Surabaya,Drizzle,gerimis,30.5,79,1005,1.9,2025-07-28
2025-07-28,Senin,Sriwijaya Air,SJ5980,Soekarno-Hatta International,CGK,Hasanudin,UPG,945,1150,Makassar,Thunderstorm,badai petir,32.7,71,1009,1.1,2025-07-28
2025-07-28,Senin,Etihad Airways,EY8186,Soekarno-Hatta International,CGK,Juanda,SUB,1050,1150,Surabaya,Drizzle,gerimis,30.5,79,1005,1.9,2025-07-28
2025-07-28,Senin,Oman Air,WY5788,Soekarno-Hatta International,CGK,Juanda,SUB,1050,1150,Surabaya,Drizzle,gerimis,30.5,79,1005,1.9,2025-07-28
2025-07-28,Senin,Citilink,QG426,Soekarno-Hatta International,CGK,Hasanudin,UPG,960,1165,Makassar,Thunderstorm,badai petir,32.7,71,1009,1.1,2025-07-28
2025-07-28,Senin,Lion Air,JT175,Soekarno-Hatta International,CGK,Hasanudin,UPG,975,1175,Makassar,Thunderstorm,badai petir,32.7,71,1009,1.1,2025-07-28
2025-07-28,Senin,Lion Air,JT772,Soekarno-Hatta International,CGK,Hasanudin,UPG,975,1175,Makassar,Thunderstorm,badai petir,32.7,71,1009,1.1,2025-07-28
2025-07-28,Senin,Etihad Airways,EY7115,Soekarno-Hatta International,CGK,Ngurah Rai International,DPS,1020,1195,Denpasar,Drizzle,gerimis,25.2,62,1012,2.1,2025-07-28
2025-07-28,Senin,Garuda Indonesia,GA420,Soekarno-Hatta International,CGK,Ngurah Rai International,DPS,1020,1195,Denpasar,Drizzle,gerimis,25.2,62,1012,2.1,2025-07-28
2025-07-28,Senin,Batik Air,ID6296,Soekarno-Hatta International,CGK,Hasanudin,UPG,1010,1210,Makassar,Thunderstorm,badai petir,32.7,71,1009,1.1,2025-07-28
2025-07-28,Senin,Emirates,EK7272,Soekarno-Hatta International,CGK,Juanda,SUB,1110,1210,Surabaya,Drizzle,gerimis,30.5,79,1005,1.9,2025-07-28
2025-07-28,Senin,Vietnam Airlines,VN3284,Soekarno-Hatta International,CGK,Juanda,SUB,1110,1210,Surabaya,Drizzle,gerimis,30.5,79,1005,1.9,2025-07-28
2025-07-28,Senin,China Airlines,CI9788,Soekarno-Hatta International,CGK,Juanda,SUB,1110,1210,Surabaya,Drizzle,gerimis,30.5,79,1005,1.9,2025-07-28
2025-07-28,Senin,Etihad Airways,EY8180,Soekarno-Hatta International,CGK,Juanda,SUB,1110,1210,Surabaya,Drizzle,gerimis,30.5,79,1005,1.9,2025-07-28
2025-07-28,Senin,Saudia,SV6152,Soekarno-Hatta International,CGK,Juanda,SUB,1110,1210,Surabaya,Drizzle,gerimis,30.5,79,1005,1.9,2025-07-28
2025-07-28,Senin,Malaysia Airlines,MH4036,Soekarno-Hatta International,CGK,Juanda,SUB,1110,1210,Surabaya,Drizzle,gerimis,30.5,79,1005,1.9,2025-07-28
2025-07-28,Senin,Garuda Indonesia,GA328,Soekarno-Hatta International,CGK,Juanda,SUB,1110,1210,Surabaya,Drizzle,gerimis,30.5,79,1005,1.9,2025-07-28
2025-07-28,Senin,Malaysia Airlines,MH5782,Soekarno-Hatta International,CGK,Hasanudin,UPG,1005,1220,Makassar,Clouds,berawan,24.6,66,1010,4.3,2025-07-28
2025-07-28,Senin,Garuda Indonesia,GA616,Soekarno-Hatta International,CGK,Hasanudin,UPG,1005,1220,Makassar,Clouds,berawan,24.6,66,1010,4.3,2025-07-28
2025-07-28,Senin,Batik Air,ID6594,Soekarno-Hatta International,CGK,Juanda,SUB,1140,1225,Surabaya,Drizzle,gerimis,32.2,72,1010,4.9,2025-07-28
2025-07-28,Senin,Batik Air,ID6588,Soekarno-Hatta International,CGK,Juanda,SUB,1200,1285,Surabaya,Drizzle,gerimis,32.2,72,1010,4.9,2025-07-28
2025-07-28,Senin,Emirates,EK7270,Soekarno-Hatta International,CGK,Ngurah Rai International,DPS,1110,1290,Denpasar,Clouds,berawan,32.0,84,1009,1.6,2025-07-28
2025-07-28,Senin,Saudia,SV6370,Soekarno-Hatta International,CGK,Ngurah Rai International,DPS,1110,1290,Denpasar,Clouds,berawan,32.0,84,1009,1.6,2025-07-28
2025-07-28,Senin,Japan Airlines,JL6927,Soekarno-Hatta International,CGK,Ngurah Rai International,DPS,1110,1290,Denpasar,Clouds,berawan,32.0,84,1009,1.6,2025-07-28
2025-07-28,Senin,Citilink,QG720,Soekarno-Hatta International,CGK,Juanda,SUB,1200,1290,Surabaya,Drizzle,gerimis,32.2,72,1010,4.9,2025-07-28
2025-07-28,Senin,Etihad Airways,EY8162,Soekarno-Hatta International,CGK,Ngurah Rai International,DPS,1110,1290,Denpasar,Clouds,berawan,32.0,84,1009,1.6,2025-07-28
2025-07-28,Senin,Vietnam Airlines,VN3878,Soekarno-Hatta International,CGK,Ngurah Rai International,DPS,1110,1290,Denpasar,Clouds,berawan,32.0,84,1009,1.6,2025-07-28
2025-07-28,Senin,Garuda Indonesia,GA426,Soekarno-Hatta International,CGK,Ngurah Rai International,DPS,1110,1290,Denpasar,Clouds,berawan,32.0,84,1009,1.6,2025-07-28
2025-07-28,Senin,Citilink,QG726,Soekarno-Hatta International,CGK,Juanda,SUB,1200,1295,Surabaya,Drizzle,gerimis,32.2,72,1010,4.9,2025-07-28
2025-07-28,Senin,Batik Air,ID6142,Soekarno-Hatta International,CGK,Hasanudin,UPG,1110,1310,Makassar,Drizzle,gerimis,27.4,63,1008,3.1,2025-07-28
2025-07-28,Senin,Citilink,QG442,Soekarno-Hatta International,CGK,Hasanudin,UPG,1240,1325,Makassar,Drizzle,gerimis,27.4,63,1008,3.1,2025-07-28
2025-07-28,Senin,AirAsia,AK810,Soekarno-Hatta International,CGK,Ngurah Rai International,DPS,1170,1340,Denpasar,Drizzle,gerimis,31.5,81,1005,4.7,2025-07-28
2025-07-28,Senin,Citilink,QG660,Soekarno-Hatta International,CGK,Ngurah Rai International,DPS,1165,1340,Denpasar,Drizzle,gerimis,31.5,81,1005,4.7,2025-07-28
2025-07-28,Senin,TransNusa,8B5110,Soekarno-Hatta International,CGK,Ngurah Rai International,DPS,1210,1380,Denpasar,Drizzle,gerimis,31.5,81,1005,4.7,2025-07-28
2025-07-28,Senin,Lion Air,JT798,Soekarno-Hatta International,CGK,Hasanudin,UPG,1200,1400,Makassar,Rain,hujan ringan,33.9,75,1007,2.6,2025-07-29
2025-07-28,Senin,Lion Air,JT938,Soekarno-Hatta International,CGK,Hasanudin,UPG,1200,1400,Makassar,Rain,hujan ringan,33.9,75,1007,2.6,2025-07-29
2025-07-28,Senin,Lion Air,JT123,Soekarno-Hatta International,CGK,Hasanudin,UPG,1200,1400,Makassar,Rain,hujan ringan,33.9,75,1007,2.6,2025-07-29
2025-07-28,Senin,Garuda Indonesia,GA618,Soekarno-Hatta International,CGK,Hasanudin,UPG,1215,1430,Makassar,Rain,hujan ringan,33.9,75,1007,2.6,2025-07-29
2025-07-28,Senin,Super Air Jet,IU244,Soekarno-Hatta International,CGK,Hasanudin,UPG,1260,20,Makassar,Rain,hujan ringan,33.9,75,1007,2.6,2025-07-29
2025-07-28,Senin,Citilink,QG250,Soekarno-Hatta International,CGK,Hasanudin,UPG,1290,55,Makassar,Rain,hujan ringan,25.2,62,1009,4.0,2025-07-29
2025-07-28,Senin,Lion Air,JT984,Soekarno-Hatta International,CGK,Hasanudin,UPG,1320,80,Makassar,Rain,hujan ringan,25.2,62,1009,4.0,2025-07-29
2025-07-28,Senin,Lion Air,JT948,Soekarno-Hatta International,CGK,Hasanudin,UPG,1320,80,Makassar,Rain,hujan ringan,25.2,62,1009,4.0,2025-07-29
2025-07-28,Senin,Lion Air,JT888,Soekarno-Hatta International,CGK,Hasanudin,UPG,1320,80,Makassar,Rain,hujan ringan,25.2,62,1009,4.0,2025-07-29
2025-07-28,Senin,Lion Air,JT371,Soekarno-Hatta International,CGK,Hasanudin,UPG,1320,80,Makassar,Rain,hujan ringan,25.2,62,1009,4.0,2025-07-29
2025-07-28,Senin,Sriwijaya Air,SJ598,Soekarno-Hatta International,CGK,Hasanudin,UPG,1335,100,Makassar,Rain,hujan ringan,25.2,62,1009,4.0,2025-07-29
2025-07-28,Senin,Batik Air,ID6164,Soekarno-Hatta International,CGK,Hasanudin,UPG,1380,140,Makassar,Drizzle,gerimis,26.2,65,1006,3.0,2025-07-29
2025-07-28,Senin,Batik Air,ID6192,Soekarno-Hatta International,CGK,Hasanudin,UPG,1380,140,Makassar,Drizzle,gerimis,26.2,65,1006,3.0,2025-07-29
2025-07-28,Senin,Batik Air,ID6182,Soekarno-Hatta International,CGK,Hasanudin,UPG,1380,140,Makassar,Drizzle,gerimis,26.2,65,1006,3.0,2025-07-29
2025-07-28,Senin,Pelita Air,IP500,Soekarno-Hatta International,CGK,Hasanudin,UPG,1425,190,Makassar,Drizzle,gerimis,26.2,65,1006,3.0,2025-07-29
2025-07-29,Selasa,Batik Air,ID6288,Soekarno-Hatta International,CGK,Hasanudin,UPG,10,210,Makassar,Drizzle,gerimis,26.2,65,1006,3.0,2025-07-29
2025-07-29,Selasa,Sriwijaya Air,SJ592,Soekarno-Hatta International,CGK,Hasanudin,UPG,30,235,Makassar,Clear,cerah,31.2,66,1013,4.1,2025-07-29
2025-07-29,Selasa,Citilink,QG346,Soekarno-Hatta International,CGK,Hasanudin,UPG,70,270,Makassar,Clear,cerah,31.2,66,1013,4.1,2025-07-29
2025-07-29,Selasa,Lion Air,JT3896,Soekarno-Hatta International,CGK,Hasanudin,UPG,90,290,Makassar,Clear,cerah,31.2,66,1013,4.1,2025-07-29
2025-07-29,Selasa,Lion Air,JT898,Soekarno-Hatta International,CGK,Hasanudin,UPG,90,290,Makassar,Clear,cerah,31.2,66,1013,4.1,2025-07-29
2025-07-29,Selasa,Lion Air,JT986,Soekarno-Hatta International,CGK,Hasanudin,UPG,90,290,Makassar,Clear,cerah,31.2,66,1013,4.1,2025-07-29
2025-07-29,Selasa,Lion Air,JT748,Soekarno-Hatta International,CGK,Juanda,SUB,210,295,Surabaya,Thunderstorm,badai petir,31.0,84,1007,3.1,2025-07-29
2025-07-29,Selasa,Lion Air,JT690,Soekarno-Hatta International,CGK,Juanda,SUB,210,295,Surabaya,Thunderstorm,badai petir,31.0,84,1007,3.1,2025-07-29
2025-07-29,Selasa,Garuda Indonesia,GA604,Soekarno-Hatta International,CGK,Hasanudin,UPG,95,310,Makassar,Clear,cerah,31.2,66,1013,4.1,2025-07-29
2025-07-29,Selasa,Saudia,SV6193,Soekarno-Hatta International,CGK,Hasanudin,UPG,95,310,Makassar,Clear,cerah,31.2,66,1013,4.1,2025-07-29
2025-07-29,Selasa,China Airlines,CI8612,Soekarno-Hatta International,CGK,Hasanudin,UPG,95,310,Makassar,Clear,cerah,31.2,66,1013,4.1,2025-07-29
2025-07-29,Selasa,Malaysia Airlines,MH4042,Soekarno-Hatta International,CGK,Hasanudin,UPG,95,310,Makassar,Clear,cerah,31.2,66,1013,4.1,2025-07-29
2025-07-29,Selasa,Emirates,EK7302,Soekarno-Hatta International,CGK,Hasanudin,UPG,95,310,Makassar,Clear,cerah,31.2,66,1013,4.1,2025-07-29
2025-07-29,Selasa,Japan Airlines,JL8487,Soekarno-Hatta International,CGK,Hasanudin,UPG,95,310,Makassar,Clear,cerah,31.2,66,1013,4.1,2025-07-29
2025-07-29,Selasa,Emirates,EK3553,Soekarno-Hatta International,CGK,Hasanudin,UPG,140,340,Makassar,Mist,berkabut,33.3,83,1013,2.9,2025-07-29
2025-07-29,Selasa,Batik Air,ID6264,Soekarno-Hatta International,CGK,Hasanudin,UPG,140,340,Makassar,Mist,berkabut,33.3,83,1013,2.9,2025-07-29
2025-07-29,Selasa,Batik Air,ID6751,Soekarno-Hatta International,CGK,Hasanudin,UPG,140,345,Makassar,Mist,berkabut,33.3,83,1013,2.9,2025-07-29
2025-07-29,Selasa,Batik Air,ID6370,Soekarno-Hatta International,CGK,Juanda,SUB,280,365,Surabaya,Thunderstorm,badai petir,25.4,71,1011,4.5,2025-07-29
2025-07-29,Selasa,Super Air Jet,IU814,Soekarno-Hatta International,CGK,Minangkabau International Airport,PDG,330,435,Padang,Mist,berkabut,26.3,87,1008,4.4,2025-07-29
2025-07-29,Selasa,Lion Air,JT2792,Soekarno-Hatta International,CGK,Hasanudin,UPG,240,440,Makassar,Thunderstorm,badai petir,27.1,72,1014,2.1,2025-07-29
2025-07-29,Selasa,Lion Air,JT1852,Soekarno-Hatta International,CGK,Hasanudin,UPG,240,440,Makassar,Thunderstorm,badai petir,27.1,72,1014,2.1,2025-07-29
2025-07-29,Selasa,Lion Air,JT792,Soekarno-Hatta International,CGK,Hasanudin,UPG,240,440,Makassar,Thunderstorm,badai petir,27.1,72,1014,2.1,2025-07-29
2025-07-29,Selasa,Super Air Jet,IU730,Soekarno-Hatta International,CGK,Ngurah Rai International,DPS,270,440,Denpasar,Clear,cerah,24.1,89,1013,1.6,2025-07-29
2025-07-29,Selasa,Garuda Indonesia,GA314,Soekarno-Hatta International,CGK,Juanda,SUB,350,450,Surabaya,Clear,cerah,31.8,80,1005,1.9,2025-07-29
2025-07-29,Selasa,Citilink,QG712,Soekarno-Hatta International,CGK,Juanda,SUB,355,455,Surabaya,Clear,cerah,31.8,80,1005,1.9,2025-07-29
2025-07-29,Selasa,Batik Air,ID6572,Soekarno-Hatta International,CGK,Juanda,SUB,375,460,Surabaya,Clear,cerah,31.8,80,1005,1.9,2025-07-29
2025-07-29,Selasa,Pelita Air,IP350,Soekarno-Hatta International,CGK,Minangkabau International Airport,PDG,370,475,Padang,Mist,berkabut,26.3,87,1008,4.4,2025-07-29
2025-07-29,Selasa,Citilink,QG680,Soekarno-Hatta International,CGK,Ngurah Rai International,DPS,305,480,Denpasar,Clear,cerah,24.1,89,1013,1.6,2025-07-29
2025-07-29,Selasa,Super Air Jet,IU908,Soekarno-Hatta International,CGK,Minangkabau International Airport,PDG,390,495,Padang,Mist,berkabut,26.3,87,1008,4.4,2025-07-29
2025-07-29,Selasa,Nam Air,IN282,Soekarno-Hatta International,CGK,Ngurah Rai International,DPS,330,500,Denpasar,Clear,cerah,28.2,80,1012,4.9,2025-07-29
2025-07-29,Selasa,Emirates,EK7298,Soekarno-Hatta International,CGK,Juanda,SUB,410,505,Surabaya,Thunderstorm,badai petir,29.2,63,1008,1.3,2025-07-29
2025-07-29,Selasa,Garuda Indonesia,GA304,Soekarno-Hatta International,CGK,Juanda,SUB,410,505,Surabaya,Thunderstorm,badai petir,29.2,63,1008,1.3,2025-07-29
2025-07-29,Selasa,Etihad Airways,EY8177,Soekarno-Hatta International,CGK,Juanda,SUB,410,505,Surabaya,Thunderstorm,badai petir,29.2,63,1008,1.3,2025-07-29
2025-07-29,Selasa,Saudia,SV6150,Soekarno-Hatta International,CGK,Juanda,SUB,410,505,Surabaya,Thunderstorm,badai petir,29.2,63,1008,1.3,2025-07-29
2025-07-29,Selasa,China Airlines,CI9668,Soekarno-Hatta International,CGK,Juanda,SUB,410,505,Surabaya,Thunderstorm,badai petir,29.2,63,1008,1.3,2025-07-29
2025-07-29,Selasa,Philippine Airlines,PR3288,Soekarno-Hatta International,CGK,Juanda,SUB,410,505,Surabaya,Thunderstorm,badai petir,29.2,63,1008,1.3,2025-07-29
2025-07-29,Selasa,Vietnam Airlines,VN3884,Soekarno-Hatta International,CGK,Juanda,SUB,410,505,Surabaya,Thunderstorm,badai petir,29.2,63,1008,1.3,2025-07-29
2025-07-29,Selasa,Malaysia Airlines,MH4401,Soekarno-Hatta International,CGK,Juanda,SUB,410,505,Surabaya,Thunderstorm,badai petir,29.2,63,1008,1.3,2025-07-29
2025-07-29,Selasa,Pelita Air,IP200,Soekarno-Hatta International,CGK,Juanda,SUB,415,510,Surabaya,Thunderstorm,badai petir,29.2,63,1008,1.3,2025-07-29
2025-07-29,Selasa,Citilink,QG952,Soekarno-Hatta International,CGK,Minangkabau International Airport,PDG,420,535,Padang,Rain,hujan ringan,32.2,61,1007,3.3,2025-07-29
2025-07-29,Selasa,AirAsia,AK802,Soekarno-Hatta International,CGK,Ngurah Rai International,DPS,380,550,Denpasar,Clear,cerah,28.2,80,1012,4.9,2025-07-29
2025-07-29,Selasa,Batik Air,ID6236,Soekarno-Hatta International,CGK,Hasanudin,UPG,360,560,Makassar,Rain,hujan ringan,34.0,69,1015,1.9,2025-07-29
2025-07-29,Selasa,Batik Air,ID6554,Soekarno-Hatta International,CGK,Hasanudin,UPG,360,560,Makassar,Rain,hujan ringan,34.0,69,1015,1.9,2025-07-29
2025-07-29,Selasa,Super Air Jet,IU756,Soekarno-Hatta International,CGK,Ngurah Rai International,DPS,390,560,Denpasar,Clear,cerah,28.2,80,1012,4.9,2025-07-29
2025-07-29,Selasa,Super Air Jet,IU812,Soekarno-Hatta International,CGK,Minangkabau International Airport,PDG,460,565,Padang,Rain,hujan ringan,32.2,61,1007,3.3,2025-07-29
2025-07-29,Selasa,TransNusa,8B5104,Soekarno-Hatta International,CGK,Ngurah Rai International,DPS,405,570,Denpasar,Clear,cerah,28.2,80,1012,4.9,2025-07-29
2025-07-29,Selasa,Batik Air,ID6584,Soekarno-Hatta International,CGK,Juanda,SUB,490,575,Surabaya,Thunderstorm,badai petir,29.2,63,1008,1.3,2025-07-29
2025-07-29,Selasa,Pelita Air,IP210,Soekarno-Hatta International,CGK,Juanda,SUB,505,595,Surabaya,Clouds,berawan,32.8,61,1011,2.3,2025-07-29
2025-07-29,Selasa,Garuda Indonesia,GA402,Soekarno-Hatta International,CGK,Ngurah Rai International,DPS,425,610,Denpasar,Rain,hujan ringan,28.0,63,1008,4.2,2025-07-29
2025-07-29,Selasa,Garuda Indonesia,GA322,Soekarno-Hatta International,CGK,Juanda,SUB,525,625,Surabaya,Clouds,berawan,32.8,61,1011,2.3,2025-07-29
2025-07-29,Selasa,KLM,KL4054,Soekarno-Hatta International,CGK,Juanda,SUB,525,625,Surabaya,Clouds,berawan,32.8,61,1011,2.3,2025-07-29
2025-07-29,Selasa,Etihad Airways,EY8138,Soekarno-Hatta International,CGK,Juanda,SUB,525,625,Surabaya,Clouds,berawan,32.8,61,1011,2.3,2025-07-29
2025-07-29,Selasa,Lion Air,JT241,Soekarno-Hatta International,CGK,Juanda,SUB,540,625,Surabaya,Clouds,berawan,32.8,61,1011,2.3,2025-07-29
2025-07-29,Selasa,Vietnam Airlines,VN3876,Soekarno-Hatta International,CGK,Juanda,SUB,525,625,Surabaya,Clouds,berawan,32.8,61,1011,2.3,2025-07-29
2025-07-29,Selasa,China Airlines,CI9782,Soekarno-Hatta International,CGK,Juanda,SUB,525,625,Surabaya,Clouds,berawan,32.8,61,1011,2.3,2025-07-29
2025-07-29,Selasa,Japan Airlines,JL6911,Soekarno-Hatta International,CGK,Juanda,SUB,525,625,Surabaya,Clouds,berawan,32.8,61,1011,2.3,2025-07-29
2025-07-29,Selasa,Malaysia Airlines,MH4018,Soekarno-Hatta International,CGK,Juanda,SUB,525,625,Surabaya,Clouds,berawan,32.8,61,1011,2.3,2025-07-29
2025-07-29,Selasa,Lion Air,JT694,Soekarno-Hatta International,CGK,Juanda,SUB,540,625,Surabaya,Clouds,berawan,32.8,61,1011,2.3,2025-07-29
2025-07-29,Selasa,Philippine Airlines,PR3278,Soekarno-Hatta International,CGK,Juanda,SUB,525,625,Surabaya,Clouds,berawan,32.8,61,1011,2.3,2025-07-29
2025-07-29,Selasa,Super Air Jet,IU740,Soekarno-Hatta International,CGK,Ngurah Rai International,DPS,460,630,Denpasar,Rain,hujan ringan,28.0,63,1008,4.2,2025-07-29
2025-07-29,Selasa,Citilink,QG682,Soekarno-Hatta International,CGK,Ngurah Rai International,DPS,480,655,Denpasar,Rain,hujan ringan,28.0,63,1008,4.2,2025-07-29
2025-07-29,Selasa,Emirates,EK7258,Soekarno-Hatta International,CGK,Minangkabau International Airport,PDG,565,675,Padang,Mist,berkabut,26.9,66,1014,3.1,2025-07-29
2025-07-29,Selasa,Etihad Airways,EY7108,Soekarno-Hatta International,CGK,Minangkabau International Airport,PDG,565,675,Padang,Mist,berkabut,26.9,66,1014,3.1,2025-07-29
2025-07-29,Selasa,Garuda Indonesia,GA148,Soekarno-Hatta International,CGK,Minangkabau International Airport,PDG,565,675,Padang,Mist,berkabut,26.9,66,1014,3.1,2025-07-29
2025-07-29,Selasa,Japan Airlines,JL8475,Soekarno-Hatta International,CGK,Minangkabau International Airport,PDG,565,675,Padang,Mist,berkabut,26.9,66,1014,3.1,2025-07-29
2025-07-29,Selasa,Lion Air,JT992,Soekarno-Hatta International,CGK,Hasanudin,UPG,480,680,Makassar,Thunderstorm,badai petir,31.2,84,1013,1.4,2025-07-29
2025-07-29,Selasa,Lion Air,JT854,Soekarno-Hatta International,CGK,Hasanudin,UPG,480,680,Makassar,Thunderstorm,badai petir,31.2,84,1013,1.4,2025-07-29
2025-07-29,Selasa,Lion Air,JT1994,Soekarno-Hatta International,CGK,Hasanudin,UPG,480,680,Makassar,Thunderstorm,badai petir,31.2,84,1013,1.4,2025-07-29
2025-07-29,Selasa,Lion Air,JT2778,Soekarno-Hatta International,CGK,Hasanudin,UPG,480,680,Makassar,Thunderstorm,badai petir,31.2,84,1013,1.4,2025-07-29
2025-07-29,Selasa,Lion Air,JT892,Soekarno-Hatta International,CGK,Hasanudin,UPG,480,680,Makassar,Thunderstorm,badai petir,31.2,84,1013,1.4,2025-07-29
2025-07-29,Selasa,Super Air Jet,IU902,Soekarno-Hatta International,CGK,Minangkabau International Airport,PDG,580,685,Padang,Clouds,berawan,30.9,80,1009,4.9,2025-07-29
2025-07-29,Selasa,Batik Air,ID6582,Soekarno-Hatta International,CGK,Juanda,SUB,615,700,Surabaya,Clouds,berawan,26.3,71,1007,2.1,2025-07-29
2025-07-29,Selasa,Pelita Air,IP102,Soekarno-Hatta International,CGK,Ngurah Rai International,DPS,550,720,Denpasar,Drizzle,gerimis,28.0,90,1013,4.2,2025-07-29
2025-07-29,Selasa,AirAsia,AK804,Soekarno-Hatta International,CGK,Ngurah Rai International,DPS,555,735,Denpasar,Drizzle,gerimis,28.0,90,1013,4.2,2025-07-29
2025-07-29,Selasa,Pelita Air,IP204,Soekarno-Hatta International,CGK,Juanda,SUB,640,735,Surabaya,Clouds,berawan,26.3,71,1007,2.1,2025-07-29
2025-07-29,Selasa,Batik Air,ID6762,Soekarno-Hatta International,CGK,Hasanudin,UPG,550,750,Makassar,Thunderstorm,badai petir,31.2,84,1013,1.4,2025-07-29
2025-07-29,Selasa,Super Air Jet,IU752,Soekarno-Hatta International,CGK,Ngurah Rai International,DPS,580,750,Denpasar,Drizzle,gerimis,28.0,90,1013,4.2,2025-07-29
2025-07-29,Selasa,Batik Air,ID6292,Soekarno-Hatta International,CGK,Hasanudin,UPG,550,750,Makassar,Thunderstorm,badai petir,31.2,84,1013,1.4,2025-07-29
2025-07-29,Selasa,Turkish Airlines,TK9366,Soekarno-Hatta International,CGK,Ngurah Rai International,DPS,580,755,Denpasar,Drizzle,gerimis,28.0,90,1013,4.2,2025-07-29
2025-07-29,Selasa,Vietnam Airlines,VN3794,Soekarno-Hatta International,CGK,Ngurah Rai International,DPS,580,755,Denpasar,Drizzle,gerimis,28.0,90,1013,4.2,2025-07-29
2025-07-29,Selasa,Etihad Airways,EY7110,Soekarno-Hatta International,CGK,Ngurah Rai International,DPS,580,755,Denpasar,Drizzle,gerimis,28.0,90,1013,4.2,2025-07-29
2025-07-29,Selasa,Air Europa,UX3552,Soekarno-Hatta International,CGK,Ngurah Rai International,DPS,580,755,Denpasar,Drizzle,gerimis,28.0,90,1013,4.2,2025-07-29
2025-07-29,Selasa,KLM,KL3971,Soekarno-Hatta International,CGK,Ngurah Rai International,DPS,580,755,Denpasar,Drizzle,gerimis,28.0,90,1013,4.2,2025-07-29
2025-07-29,Selasa,Batik Air,ID6899,Soekarno-Hatta International,CGK,Juanda,SUB,670,755,Surabaya,Clouds,berawan,26.3,71,1007,2.1,2025-07-29
2025-07-29,Selasa,Emirates,EK7255,Soekarno-Hatta International,CGK,Ngurah Rai International,DPS,580,755,Denpasar,Drizzle,gerimis,28.0,90,1013,4.2,2025-07-29
2025-07-29,Selasa,Saudia,SV6170,Soekarno-Hatta International,CGK,Ngurah Rai International,DPS,580,755,Denpasar,Drizzle,gerimis,28.0,90,1013,4.2,2025-07-29
2025-07-29,Selasa,Garuda Indonesia,GA404,Soekarno-Hatta International,CGK,Ngurah Rai International,DPS,580,755,Denpasar,Drizzle,gerimis,28.0,90,1013,4.2,2025-07-29
2025-07-29,Selasa,China Airlines,CI8614,Soekarno-Hatta International,CGK,Hasanudin,UPG,550,765,Makassar,Thunderstorm,badai petir,31.2,84,1013,1.4,2025-07-29
2025-07-29,Selasa,Etihad Airways,EY7139,Soekarno-Hatta International,CGK,Hasanudin,UPG,550,765,Makassar,Thunderstorm,badai petir,31.2,84,1013,1.4,2025-07-29
2025-07-29,Selasa,Garuda Indonesia,GA608,Soekarno-Hatta International,CGK,Hasanudin,UPG,550,765,Makassar,Thunderstorm,badai petir,31.2,84,1013,1.4,2025-07-29
2025-07-29,Selasa,Lion Air,JT774,Soekarno-Hatta International,CGK,Hasanudin,UPG,600,800,Makassar,Drizzle,gerimis,27.9,60,1015,3.2,2025-07-29
2025-07-29,Selasa,Lion Air,JT1740,Soekarno-Hatta International,CGK,Hasanudin,UPG,600,800,Makassar,Drizzle,gerimis,27.9,60,1015,3.2,2025-07-29
2025-07-29,Selasa,TransNusa,8B5106,Soekarno-Hatta International,CGK,Ngurah Rai International,DPS,630,800,Denpasar,Clear,cerah,25.7,88,1015,1.5,2025-07-29
2025-07-29,Selasa,Lion Air,JT1774,Soekarno-Hatta International,CGK,Hasanudin,UPG,600,800,Makassar,Drizzle,gerimis,27.9,60,1015,3.2,2025-07-29
2025-07-29,Selasa,Citilink,QG686,Soekarno-Hatta International,CGK,Ngurah Rai International,DPS,630,805,Denpasar,Clear,cerah,25.7,88,1015,1.5,2025-07-29
2025-07-29,Selasa,Super Air Jet,IU734,Soekarno-Hatta International,CGK,Ngurah Rai International,DPS,640,810,Denpasar,Clear,cerah,25.7,88,1015,1.5,2025-07-29
2025-07-29,Selasa,Pelita Air,IP354,Soekarno-Hatta International,CGK,Minangkabau International Airport,PDG,720,825,Padang,Clouds,berawan,31.9,76,1010,1.2,2025-07-29
2025-07-29,Selasa,Vietnam Airlines,VN3872,Soekarno-Hatta International,CGK,Juanda,SUB,735,835,Surabaya,Drizzle,gerimis,31.0,88,1010,1.1,2025-07-29
2025-07-29,Selasa,China Airlines,CI8604,Soekarno-Hatta International,CGK,Juanda,SUB,735,835,Surabaya,Drizzle,gerimis,31.0,88,1010,1.1,2025-07-29
2025-07-29,Selasa,Saudia,SV6149,Soekarno-Hatta International,CGK,Juanda,SUB,735,835,Surabaya,Drizzle,gerimis,31.0,88,1010,1.1,2025-07-29
2025-07-29,Selasa,Garuda Indonesia,GA312,Soekarno-Hatta International,CGK,Juanda,SUB,735,835,Surabaya,Drizzle,gerimis,31.0,88,1010,1.1,2025-07-29
2025-07-29,Selasa,KLM,KL4060,Soekarno-Hatta International,CGK,Juanda,SUB,735,835,Surabaya,Drizzle,gerimis,31.0,88,1010,1.1,2025-07-29
2025-07-29,Selasa,Pelita Air,IP208,Soekarno-Hatta International,CGK,Juanda,SUB,755,850,Surabaya,Drizzle,gerimis,31.0,88,1010,1.1,2025-07-29
2025-07-29,Selasa,Lion Air,JT22,Soekarno-Hatta International,CGK,Ngurah Rai International,DPS,680,850,Denpasar,Clear,cerah,25.7,88,1015,1.5,2025-07-29
2025-07-29,Selasa,Super Air Jet,IU810,Soekarno-Hatta International,CGK,Minangkabau International Airport,PDG,755,860,Padang,Clouds,berawan,29.7,87,1012,3.7,2025-07-29
2025-07-29,Selasa,Batik Air,ID6863,Soekarno-Hatta International,CGK,Juanda,SUB,785,870,Surabaya,Thunderstorm,badai petir,27.7,64,1015,4.4,2025-07-29
2025-07-29,Selasa,Batik Air,ID6406,Soekarno-Hatta International,CGK,Juanda,SUB,785,870,Surabaya,Thunderstorm,badai petir,27.7,64,1015,4.4,2025-07-29
2025-07-29,Selasa,Super Air Jet,IU758,Soekarno-Hatta International,CGK,Ngurah Rai International,DPS,700,870,Denpasar,Clouds,berawan,29.8,76,1009,4.4,2025-07-29
2025-07-29,Selasa,Saudia,SV6172,Soekarno-Hatta International,CGK,Ngurah Rai International,DPS,700,880,Denpasar,Clouds,berawan,29.8,76,1009,4.4,2025-07-29
2025-07-29,Selasa,Garuda Indonesia,GA408,Soekarno-Hatta International,CGK,Ngurah Rai International,DPS,700,880,Denpasar,Clouds,berawan,29.8,76,1009,4.4,2025-07-29
2025-07-29,Selasa,Pelita Air,IP802,Soekarno-Hatta International,CGK,Hasanudin,UPG,690,890,Makassar,Clear,cerah,28.6,87,1011,4.0,2025-07-29
2025-07-29,Selasa,Super Air Jet,IU742,Soekarno-Hatta International,CGK,Ngurah Rai International,DPS,760,930,Denpasar,Clouds,berawan,29.8,76,1009,4.4,2025-07-29
2025-07-29,Selasa,Vietnam Airlines,VN3282,Soekarno-Hatta International,CGK,Juanda,SUB,840,935,Surabaya,Thunderstorm,badai petir,27.7,64,1015,4.4,2025-07-29
2025-07-29,Selasa,Garuda Indonesia,GA310,Soekarno-Hatta International,CGK,Juanda,SUB,840,935,Surabaya,Thunderstorm,badai petir,27.7,64,1015,4.4,2025-07-29
2025-07-29,Selasa,Etihad Airways,EY8179,Soekarno-Hatta International,CGK,Juanda,SUB,840,935,Surabaya,Thunderstorm,badai petir,27.7,64,1015,4.4,2025-07-29
2025-07-29,Selasa,Saudia,SV6148,Soekarno-Hatta International,CGK,Juanda,SUB,840,935,Surabaya,Thunderstorm,badai petir,27.7,64,1015,4.4,2025-07-29
2025-07-29,Selasa,Lion Air,JT782,Soekarno-Hatta International,CGK,Hasanudin,UPG,740,940,Makassar,Clear,cerah,28.6,87,1011,4.0,2025-07-29
2025-07-29,Selasa,AirAsia,AK806,Soekarno-Hatta International,CGK,Ngurah Rai International,DPS,765,945,Denpasar,Clouds,berawan,29.8,76,1009,4.4,2025-07-29
2025-07-29,Selasa,Pelita Air,IP206,Soekarno-Hatta International,CGK,Juanda,SUB,865,955,Surabaya,Rain,hujan ringan,32.4,66,1006,3.0,2025-07-29
2025-07-29,Selasa,Lion Air,JT171,Soekarno-Hatta International,CGK,Juanda,SUB,880,965,Surabaya,Rain,hujan ringan,32.4,66,1006,3.0,2025-07-29
2025-07-29,Selasa,Lion Air,JT619,Soekarno-Hatta International,CGK,Juanda,SUB,880,965,Surabaya,Rain,hujan ringan,32.4,66,1006,3.0,2025-07-29
2025-07-29,Selasa,Lion Air,JT692,Soekarno-Hatta International,CGK,Juanda,SUB,880,965,Surabaya,Rain,hujan ringan,32.4,66,1006,3.0,2025-07-29
2025-07-29,Selasa,Super Air Jet,IU900,Soekarno-Hatta International,CGK,Minangkabau International Airport,PDG,880,985,Padang,Drizzle,gerimis,32.3,80,1011,2.4,2025-07-29
2025-07-29,Selasa,Saudia,SV6176,Soekarno-Hatta International,CGK,Ngurah Rai International,DPS,810,990,Denpasar,Thunderstorm,badai petir,27.0,69,1010,3.6,2025-07-29
2025-07-29,Selasa,Etihad Airways,EY8074,Soekarno-Hatta International,CGK,Minangkabau International Airport,PDG,880,990,Padang,Drizzle,gerimis,32.3,80,1011,2.4,2025-07-29
2025-07-29,Selasa,Garuda Indonesia,GA162,Soekarno-Hatta International,CGK,Minangkabau International Airport,PDG,880,990,Padang,Drizzle,gerimis,32.3,80,1011,2.4,2025-07-29
2025-07-29,Selasa,Vietnam Airlines,VN3278,Soekarno-Hatta International,CGK,Ngurah Rai International,DPS,810,990,Denpasar,Thunderstorm,badai petir,27.0,69,1010,3.6,2025-07-29
2025-07-29,Selasa,Garuda Indonesia,GA422,Soekarno-Hatta International,CGK,Ngurah Rai International,DPS,810,990,Denpasar,Thunderstorm,badai petir,27.0,69,1010,3.6,2025-07-29
2025-07-29,Selasa,Batik Air,ID6578,Soekarno-Hatta International,CGK,Juanda,SUB,910,995,Surabaya,Rain,hujan ringan,32.4,66,1006,3.0,2025-07-29
2025-07-29,Selasa,Vietnam Airlines,VN3928,Soekarno-Hatta International,CGK,Ngurah Rai International,DPS,870,1045,Denpasar,Clear,cerah,26.9,90,1015,4.5,2025-07-29
2025-07-29,Selasa,KLM,KL4072,Soekarno-Hatta International,CGK,Ngurah Rai International,DPS,870,1045,Denpasar,Clear,cerah,26.9,90,1015,4.5,2025-07-29
2025-07-29,Selasa,Etihad Airways,EY7113,Soekarno-Hatta International,CGK,Ngurah Rai International,DPS,870,1045,Denpasar,Clear,cerah,26.9,90,1015,4.5,2025-07-29
2025-07-29,Selasa,Saudia,SV6173,Soekarno-Hatta International,CGK,Ngurah Rai International,DPS,870,1045,Denpasar,Clear,cerah,26.9,90,1015,4.5,2025-07-29
2025-07-29,Selasa,Garuda Indonesia,GA410,Soekarno-Hatta International,CGK,Ngurah Rai International,DPS,870,1045,Denpasar,Clear,cerah,26.9,90,1015,4.5,2025-07-29
2025-07-29,Selasa,Super Air Jet,IU736,Soekarno-Hatta International,CGK,Ngurah Rai International,DPS,890,1060,Denpasar,Clear,cerah,26.9,90,1015,4.5,2025-07-29
2025-07-29,Selasa,Super Air Jet,IU816,Soekarno-Hatta International,CGK,Minangkabau International Airport,PDG,960,1065,Padang,Rain,hujan ringan,30.7,85,1007,4.4,2025-07-29
2025-07-29,Selasa,Batik Air,ID6266,Soekarno-Hatta International,CGK,Hasanudin,UPG,870,1070,Makassar,Clear,cerah,24.5,84,1014,4.8,2025-07-29
2025-07-29,Selasa,Garuda Indonesia,GA612,Soekarno-Hatta International,CGK,Hasanudin,UPG,865,1080,Makassar,Clear,cerah,24.5,84,1014,4.8,2025-07-29
2025-07-29,Selasa,Pelita Air,IP356,Soekarno-Hatta International,CGK,Minangkabau International Airport,PDG,980,1085,Padang,Rain,hujan ringan,30.7,85,1007,4.4,2025-07-29
2025-07-29,Selasa,Super Air Jet,IU754,Soekarno-Hatta International,CGK,Ngurah Rai International,DPS,950,1120,Denpasar,Clear,cerah,26.9,90,1015,4.5,2025-07-29
2025-07-29,Selasa,Citilink,QG736,Soekarno-Hatta International,CGK,Juanda,SUB,1030,1130,Surabaya,Clear,cerah,32.1,63,1008,3.6,2025-07-29
2025-07-29,Selasa,Citilink,QG426,Soekarno-Hatta International,CGK,Hasanudin,UPG,930,1135,Makassar,Drizzle,gerimis,31.8,78,1009,4.0,2025-07-29
2025-07-29,Selasa,Pelita Air,IP202,Soekarno-Hatta International,CGK,Juanda,SUB,1060,1145,Surabaya,Clear,cerah,32.1,63,1008,3.6,2025-07-29
2025-07-29,Selasa,Sriwijaya Air,SJ5980,Soekarno-Hatta International,CGK,Hasanudin,UPG,945,1150,Makassar,Drizzle,gerimis,31.8,78,1009,4.0,2025-07-29
2025-07-29,Selasa,Garuda Indonesia,GA326,Soekarno-Hatta International,CGK,Juanda,SUB,1050,1150,Surabaya,Clear,cerah,32.1,63,1008,3.6,2025-07-29
2025-07-29,Selasa,Batik Air,ID6586,Soekarno-Hatta International,CGK,Juanda,SUB,1080,1165,Surabaya,Clear,cerah,32.1,63,1008,3.6,2025-07-29
2025-07-29,Selasa,Lion Air,JT772,Soekarno-Hatta International,CGK,Hasanudin,UPG,975,1175,Makassar,Drizzle,gerimis,31.8,78,1009,4.0,2025-07-29
2025-07-29,Selasa,Lion Air,JT175,Soekarno-Hatta International,CGK,Hasanudin,UPG,975,1175,Makassar,Drizzle,gerimis,31.8,78,1009,4.0,2025-07-29
2025-07-29,Selasa,Garuda Indonesia,GA164,Soekarno-Hatta International,CGK,Minangkabau International Airport,PDG,1070,1180,Padang,Drizzle,gerimis,26.5,68,1014,3.7,2025-07-29
2025-07-29,Selasa,Batik Air,ID6296,Soekarno-Hatta International,CGK,Hasanudin,UPG,1010,1210,Makassar,Drizzle,gerimis,31.8,78,1009,4.0,2025-07-29
2025-07-29,Selasa,Citilink,QG724,Soekarno-Hatta International,CGK,Juanda,SUB,1145,1240,Surabaya,Clear,cerah,31.1,85,1005,4.9,2025-07-29
2025-07-29,Selasa,Super Air Jet,IU744,Soekarno-Hatta International,CGK,Ngurah Rai International,DPS,1075,1245,Denpasar,Drizzle,gerimis,25.1,88,1005,4.6,2025-07-29
2025-07-29,Selasa,Pelita Air,IP104,Soekarno-Hatta International,CGK,Ngurah Rai International,DPS,1080,1255,Denpasar,Drizzle,gerimis,25.1,88,1005,4.6,2025-07-29
2025-07-29,Selasa,Sriwijaya Air,SJ580,Soekarno-Hatta International,CGK,Hasanudin,UPG,1070,1275,Makassar,Thunderstorm,badai petir,31.2,74,1009,1.6,2025-07-29
